player,total_points
"El Sallaly, Akram",1
"Jenicek, Jiri",1
"Karol, Milos",1
"Ponchet, Matt",1
"T Adachi, Taki",1
"T Akay, Cihan",1
"T Akkoyun, Umut",1
"T Alabdullah, Bader",1
"T Ali Moussa, Aymen Abderrahmene",1
"T Almasi, Alfred",1
"T Alves, Victor",1
"T Amar, Ran",1
"T Ambarzumjan, Edison",1
"T Andic, Aleksandar",1
"T Andreescu, Stefan Adrian",1
"T Arevalo, Isaac Arturo",1
"T Arias, Boris",1
"T Augusto Dos Santos, Ryan",1
"T Baiant, Razvan",1
"T Baroni, Niccolo",1
"T Barr, Elbert",1
"T Basavareddy, Nishesh",1
"T Basic, Nikola",1
"T Basile, Alessio",1
"T Batista, Ricardo",1
"T Bayldon, Blake",1
"T Bellifemine, Alessandro",1
"T Bennani, Karim",1
"T Berkieta, Tomasz",1
"T Bernard, John",1
"T Bhatnagar, Shivank",1
"T Biagiotti, Richard",1
"T Breazu, Vlad Cristian",1
"T Bryde, Trent",1
"T Bugarikj, Berk",1
"T Buldorini, Peter",1
"T Bulus, Christopher",1
"T Burdet, Adrien",1
"T Butler, Samm",1
"T Byers, Loren Thomas",1
"T Cabrera, Miguel Angel",1
"T Campana Lee, Gerard",1
"T Carnevalle, Lucio",1
"T Casanova, Andrin",1
"T Cerny, Matyas",1
"T Chaurasia, Yash",1
"T Chavez Villalpando, Luis Diego",1
"T Chen, Tin",1
"T Chepik, Alexander",1
"T Chessari, Riccardo",1
"T Choo, Suk Hyun",1
"T Cina, Federico",1
"T Coman, Mihai Alexandru",1
"T Cunat, Max",1
"T Cutting, Oscar",1
"T Czaplinski, Tommy",1
"T Dadabaev, Aziz",1
"T Dalmasso, Guillaume",1
"T Dattatray Kurale, Sandesh",1
"T Davila, Esteban",1
"T Davis, James",1
"T De Jonge, Daniel",1
"T De Vincentis, Matteo",1
"T Del Castillo, Pol",1
"T Deleersnyder, Clement",1
"T Dell'Elba, Vito",1
"T Demichelis, Alessio",1
"T Dhokia, Rahul",1
"T Diaz Jalil, Angel",1
"T Donarski, Sid",1
"T Dong, Chen",1
"T Dubinin, Alexey",1
"T Dudun, Igor",1
"T Duhan, Chirag",1
"T Dumitru, Vlad Andrei",1
"T Duncan, Scott",1
"T Einig, Felix",1
"T El Amine, Hamza",1
"T El Mihdawy, Adam",1
"T Eli, Nicolas",1
"T Elicha Navas, Gabriel",1
"T Ernaelsteen, Victor",1
"T Errey, Cooper",1
"T Favero, Lorenzo",1
"T Fellin, Manfred",1
"T Ferguson, Chase",1
"T Fernandez Canovas, Andres",1
"T Ferri, Lorenzo",1
"T Field, Jeremy",1
"T Fitzgerald, Patrick",1
"T Fletchall, Patrick",1
"T Fondriest, Matteo",1
"T Francisco, Luis",1
"T Frawley, James",1
"T Friedler, Asaf",1
"T Frusina, Alexander",1
"T Gandolfi, Giammarco",1
"T Gao, Xin",1
"T Gervail, Gregoire",1
"T Goldberg Alviani, Nicolas Rafael",1
"T Gomaa, Mohamad",1
"T Gorzny, Sebastian",1
"T Gramaticopolo, Biagio",1
"T Grandinetti, Tobia",1
"T Gray, Timothy",1
"T Graziani, Edoardo",1
"T Grinderslev, Anders",1
"T Grynkowski, Piotr",1
"T Hajek, Petr",1
"T Hannestad, Benjamin",1
"T Hansch Mauritzson, Fabian",1
"T Havlicek, Mark",1
"T Heger, Tim",1
"T Hesselmann, Luca",1
"T Hiramatsu, Shinnosuke",1
"T Hodzic, Alen Moritz",1
"T Hollender, Nicolas",1
"T Homberg, Maximilian",1
"T Hoole, Casey",1
"T Hough, David",1
"T Hrazdil, Jan",1
"T Hsu, Jeffrey Chuan En",1
"T Hua, Runhao",1
"T Hubner, Edward",1
"T Hudd, Emile",1
"T Huens, Harold",1
"T Iamachkine, Petr",1
"T Ibragimov, Daniel",1
"T Ibrahim, Hasan",1
"T Ibrakhimov, Rakhimbek",1
"T Inoue, Geni",1
"T Iturbe, Matias",1
"T Ivanov, Mihail",1
"T Ivanov, Saveliy",1
"T Jordan, Phillip",1
"T Jovanovic, Petar",1
"T Jovanovski, Nicholas",1
"T Jurina, Patrik",1
"T Kadiri Hassani, Youssef",1
"T Kalinin, Aleksandr",1
"T Kang, Ku Keon",1
"T Karahan, Atakan",1
"T Karmoussi, Hamza",1
"T Kasemi, Kiyan Santino",1
"T Katuch, Jakub",1
"T Khabibulin, Timur",1
"T Khosla, Rushil",1
"T Kim, Jangjun",1
"T Kiyamov, Timur",1
"T Kobierski, Jan",1
"T Konov, Samuil",1
"T Kulakowski, Mateusz",1
"T Kumar, Pranav",1
"T Kunsuwan, Natthasith",1
"T Kusiewicz, Piotr",1
"T Lagaev, Nick",1
"T Lee, Junhyun",1
"T Leote Prata, Vasco",1
"T Lerby, Christian",1
"T Lin, Ping Chen",1
"T Liokossis, Stefano",1
"T Lis, Mikolaj",1
"T Loccisano, Mike",1
"T Lopez Linquet, Leonardo",1
"T Lucini, Federico",1
"T Luncanu, Petru-Alexandru",1
"T Maia, Hugo",1
"T Malgaroli, Leonardo",1
"T Malik, Ajay",1
"T Marek, Wojciech",1
"T Marinkov, Pavle",1
"T Marino, Pietro",1
"T Markov, Viktor",1
"T Marques, Diogo",1
"T Martinez, Ignacio",1
"T Martinez, Mikel",1
"T Mascarini, Riccardo",1
"T Matsiush, Aliaksey",1
"T Matuszewski, Gabriel",1
"T Maxted, Lui",1
"T Mayo, Keenan",1
"T McDaniel, Marcus",1
"T Mckennon, Maxwell",1
"T Mehra, Rohan",1
"T Menichella, Stefan",1
"T Michalik, Radovan",1
"T Micov, Stefan",1
"T Miklavcic, Luka",1
"T Milicevic, Lazar",1
"T Milicevic, Stefan",1
"T Militi Ribaldi, Andrea",1
"T Minighini, Daniele",1
"T Mirgone, Federico",1
"T Mitjana, Leny",1
"T Moheno, Yahir Emiliano",1
"T Mora Clement, Rodrigo",1
"T Morandais, Jean-Christian",1
"T Mossur, Mykhailo",1
"T Muniz Hidalgo, Antonio",1
"T Murgett, Finn",1
"T Nad, Peter",1
"T Nagel, Arthur",1
"T Nakagawa, Shunsuke",1
"T Nakamura, Ren",1
"T Nakanishi, Seiya",1
"T Neyelov, Mark",1
"T Nguyen, Dac Thien",1
"T Nilaweera, Chathurya",1
"T Onuma, Yujiro",1
"T Orlita, Daniel",1
"T Orynbasar, Islam",1
"T Ozdemir, S Mert",1
"T Padgham, Eric",1
"T Paganetti, Victor",1
"T Papagno, Stefano",1
"T Papounidis, Ioannis",1
"T Parts, Robin Erik",1
"T Pascual De Zulueta, Asier",1
"T Pavlasek, Adam",1
"T Pavlenko, Philipp",1
"T Pavlovic, Marko",1
"T Pawlak, Piotr",1
"T Peiro Serrano, Alvaro",1
"T Pel, Stijn",1
"T Perera, Masato",1
"T Petrovic, Drazen",1
"T Pham, Derek",1
"T Piatti, Rocco",1
"T Pierre, Hugo",1
"T Pinto, Lucca",1
"T Podorozhnyi, Artem",1
"T Pogosian, Sergei",1
"T Pohjola, Peetu",1
"T Popeanga, Dragos Petre",1
"T Popovic, Stevan",1
"T Poritzky, Elijah",1
"T Poulsen, Oskar Brostrom",1
"T Prabodh, Suraj R",1
"T Premzl, Maj",1
"T Prinoth, Patric",1
"T Procopio, Alessandro",1
"T Protic Zakelj, Jaka",1
"T Putter, Victor",1
"T Qabazard, Essa",1
"T Radulov, Iliyan",1
"T Raisma, Kenneth",1
"T Rankin, Matthew",1
"T Raquillet, Leo",1
"T Ratniuk, Maxim",1
"T Redondo Pereira, Sergio",1
"T Regas Luis, Nil",1
"T Rehman, Huzaifa Abdul",1
"T Reid, Josh",1
"T Respaut, Cyril",1
"T Ribero, Franco",1
"T Ricklis, Nitzan",1
"T Rihane, Youcef",1
"T Rocens, Martins",1
"T Rodeia, Andre",1
"T Rodrigues, Laelson",1
"T Rodrigues, Pedro",1
"T Rodriguez, Lisandru",1
"T Rodriguez, Sebastian",1
"T Rogic-Hadzalic, Alen",1
"T Romano, Gino",1
"T Romero De Avila Senise, Alberto",1
"T Rsovac, Dusan",1
"T Rudan, Zelimir",1
"T Rudiukov, Ilya",1
"T Ruscica, Alexandre",1
"T Saatela, Leevi",1
"T Sach, Tai",1
"T Salomone, Federico",1
"T Sanchez, Samuel",1
"T Sarkar, Sumit",1
"T Satral, Jan",1
"T Sau Franco, Alan Raul",1
"T Savelev, Daniil",1
"T Schaefer, Joshua",1
"T Schaer, Raffael",1
"T Schifris, Jeremy",1
"T Schoen, Patrick",1
"T Scomparin, Pietro Romeo",1
"T Searant, Rhys",1
"T Sharygin, Evan",1
"T Sheldon, Max",1
"T Shimanov, Ofek",1
"T Sibille, Imran",1
"T Simpson, Maceo",1
"T Singh, Jagmeet",1
"T Sinha, Adit",1
"T Smoliner, Tobias",1
"T Song, MinKyu",1
"T Sood, Lakshit",1
"T Spencer, Paul",1
"T Spiridon, Denis",1
"T Stable, Rayane",1
"T Steinegger, Yannik",1
"T Stenberg, Jonathan",1
"T Suarez Berrezueta, Omar",1
"T Suntic, Sabit",1
"T Sutekin, Emir",1
"T Sysoev, Nikolay",1
"T Tacchi, Luciano",1
"T Taddia, Leonardo",1
"T Tatlot, Johan",1
"T Teodorovic, Petar",1
"T Tessa, Louis",1
"T Tiukaev, Ruslan",1
"T Tosetto, Rafael",1
"T Trakhtenberg, Gur",1
"T Tsarapkin, Egor",1
"T Ushizima, Henrique Hamamoto",1
"T Vaitiekunas, Pijus",1
"T Vakili, Kian",1
"T Valent, Daniel",1
"T Vallebuona, Duilio",1
"T Van Sambeek, Fons",1
"T Vasser, Oren",1
"T Veremeychuk, Danylo",1
"T Vergara Del Puerto, Martin Antonio",1
"T Vetrih, Miha",1
"T Viiala, Zack",1
"T Vilaro, Alejo",1
"T Vilicich, Bautista",1
"T Visker, Niels",1
"T Vithoontien, Leo",1
"T Vives Marcos, Pedro",1
"T Vlkovsky, Vojtech",1
"T Voljacques, Hugo",1
"T Vujic, Stefan",1
"T Wang, Aoran",1
"T Weir, Phoenix",1
"T Weststrate, Lodewijk",1
"T Wibowo, Tegar Abdi Satrio",1
"T Woerndle, Matthew",1
"T Xilas, Ioannis",1
"T Yoshimura, Daiki",1
"T Zanada, Edoardo",1
"T Zapp, Logan",1
"T Zeljenka, Martin",1
"T Zemel, Yasha",1
"T Zheng, Baoluo",1
"T Zhou, Xian Yao",1
"T Zhzhenov, Konstantin",1
"T Zusman, Richard",1
"Goldenberg, Lior",2
"T Acquaroli, Gianluca",2
"T Ahouda, Walid",2
"T Ahti, Vesa",2
"T Al Azmeh, Taym",2
"T Alarcon, Benjamin Denis",2
"T Alkotop, Mousa",2
"T Alvarado, Patricio",2
"T Amiri, Farzin Danny",2
"T Aramburu Contreras, Ivar Jose",2
"T Bassem Sobhy, Michael",2
"T Bathrinath, Lohithaksha",2
"T Bazilevskiy, Vladimir",2
"T Benchakroun, Mehdi",2
"T Benzal Alia, Ignacio",2
"T Bigun, Kaylan",2
"T Bigun, Meecah",2
"T Biro, Andre",2
"T Blanch, Darwin",2
"T Blockx, Alexander",2
"T Bogo, Enrique",2
"T Borba, Juan",2
"T Boyer, Toby D.",2
"T Breut, Lilian",2
"T Bynoe, Evan",2
"T Cabral, Francisco",2
"T Caldes, Jaime",2
"T Canter, Alexis",2
"T Carraro, Luciano",2
"T Carretero, Pablo",2
"T Cayre, Paul",2
"T Cazacu, Dragos Nicolae",2
"T Cengiz, Baran",2
"T Chahoud, Kevin",2
"T Chirita, Ioan Alexandru",2
"T Chopra, Keshav",2
"T Ciavarella, Niccolò",2
"T Cohen, Aaron",2
"T Colby, Ryan",2
"T Corbinais, Sven",2
"T Cosnet, Charlelie",2
"T Cubelic, Karlo",2
"T Cundom, Julian",2
"T Curras Abasolo, Tomas",2
"T Da Silva, Gabriel Ciro",2
"T Dahiya, Paras",2
"T Darras, Mayeul",2
"T Del Federico, Andrea",2
"T Den Heijer, Guy",2
"T Deviatiarov, Marat",2
"T Dhoe, Benjamin",2
"T Dietrich, Dylan",2
"T Dimic, Matic",2
"T Doumbia, Sadio",2
"T Drover-Mattinen, Liam",2
"T Dubouch, Maxime",2
"T Dubrouski, Mikhail",2
"T Dustov, Mustafa",2
"T Eala, Michael Francis",2
"T Emesz, Benedikt",2
"T Eriksson Ziverts, Jonas",2
"T Estevez, Maximiliano",2
"T Freire Da Silva, Adan",2
"T Fufygin, Mikhail",2
"T Galdos, Sergio",2
"T Galloway, Robert",2
"T Garcia, Alejandro",2
"T Gea, Arthur",2
"T Genov, Anthony",2
"T Giannella, Joao",2
"T Gloeckler, Michael",2
"T Gomez, Lucas",2
"T Gray, Jonathan",2
"T Han, Seon Yong",2
"T Hartenstein, Jonas Pelle",2
"T Heinonen, Adam",2
"T Herman, Louis",2
"T Hilderbrand, Trey",2
"T Houghton, George",2
"T Huang, Chih Chi",2
"T Hulme, Matt",2
"T Ibrahim, Karim",2
"T Ignat, Dragos Constantin",2
"T Jacq, Gregoire",2
"T Jaisinghani, Raghav",2
"T Karlsson Wistrand, Jack",2
"T Katz, Martin",2
"T Kellovsky, Dominik",2
"T Kim, Dong Ju",2
"T Kirkov, Vasil",2
"T Korolev, Vladimir",2
"T Ktiri, Marc Othman",2
"T Kudriashov, Igor",2
"T Kupcic, Jan",2
"T Kwiatkowski, Thai-Son",2
"T Langmajer, Dominik",2
"T Larwig, Noel",2
"T Laurent, Thomas",2
"T Le Khanh Duy, Tu",2
"T Lee, Haesun",2
"T Liucci, Francesco",2
"T Lobanov, Aleksandr",2
"T Loge, Jack",2
"T Maden, Yannick",2
"T Malesevic, Nemanja",2
"T Manafov, Vladyslav",2
"T Martini, Ottaviano",2
"T Masjuan Ginel, Pablo",2
"T Massara, Antonio",2
"T Matsui, Toshihide",2
"T Maulenov, Timur",2
"T Milanovic, Dusan",2
"T Minarik, Kristof",2
"T Moore, Ewan",2
"T Morais, Diogo",2
"T Moroni, Filippo",2
"T Mouilleron Salvo, Manuel",2
"T Myneni, Saketh",2
"T Nguyen, Phuong Van",2
"T Niedner, Neo",2
"T Novo, Ignacio",2
"T Oplustil, Patrik",2
"T Papac, Tomislav Edward",2
"T Pavel, Bogdan",2
"T Perez, Brandon",2
"T Perruzza, Valerio",2
"T Pham, Minhtuan",2
"T Pieri, Samuele",2
"T Polansky, Peter",2
"T Pourroy, Loris",2
"T Puskar, Samuel",2
"T Rahman, Yannik",2
"T Raja, Purav",2
"T Ramskogler, Gregor",2
"T Reveniau, Simon",2
"T Rieder, Horst",2
"T Rivera, Leyton",2
"T Rollins, Pierce",2
"T Rousseau, Hillel",2
"T Ryan Ziegann, Sam",2
"T Sanchez Martinez, Benito",2
"T Sanchez, Rodrigo",2
"T Sanghera, Tiran",2
"T Saye, David",2
"T Schiessl, Joao Eduardo",2
"T Schlagenhauf, Noah",2
"T Sharan, Divij",2
"T Sharma, Aman",2
"T Shaw, Michael",2
"T Shick, Braden",2
"T Shirafuji, Naru",2
"T Silva, Tiago",2
"T Simon, Tobias",2
"T Sornlaksup, Pawit",2
"T Southcombe, Mattias",2
"T Staeheli, Luca",2
"T Stepanov, Timofey",2
"T Stoica, Vlad",2
"T Strode, Elijah",2
"T Strom, Gustaf",2
"T Tailleu, Pierre Antoine",2
"T Tomas, Aleksandar",2
"T Trochu, Pablo",2
"T Troost, Siim",2
"T Verbeek, Sem",2
"T Virali-Murugesan, Ranjeet",2
"T Vojinovic, Lazar",2
"T Waldner, Niklas",2
"T Wang, Chuhan",2
"T Wattanakul, Pol",2
"T Weng, Jing Long",2
"T Wiskandt, Max",2
"T Yu, Cheng-Yu",2
"T Zanotti, Alessio",2
"T Zverev, Mischa",2
"T cherie Ligniere, Edoardo",2
"Agafonov, Egor",3
"Bueres, Matheus",3
"Koaykul, Krittin",3
"La Serna, Juan Manuel",3
"Lakoseljac, Christian",3
"T Abibsi, Mohamed Ali",3
"T Agostini, Simone",3
"T Alvarado Berrospi, Alberto Odiseo",3
"T Ansari, Austin Ansari",3
"T Bachmaier, Philip",3
"T Barun, Bozo",3
"T Bennani, Reda",3
"T Blaydes, Billy",3
"T Borisiouk, Martin",3
"T Borza, Bogdan",3
"T Bouchelaghem, Cesar",3
"T Braithwaite, Thomas",3
"T Catani, Leonardo",3
"T Charlton, Joshua",3
"T Ciurletti, Andres Gabriel",3
"T Clezar, Guilherme",3
"T Congcar, Congsup",3
"T Cortegiani, Alessandro",3
"T Couto Loureiro, Joao Victor",3
"T Crepatte, Baptiste",3
"T D'Agostino, Stefano",3
"T Dabas, Nishant",3
"T Deschamps, Allan",3
"T Di Natale, Gian Matias",3
"T Dickerson, Ryan",3
"T Donald, Matthew William",3
"T Dubrivnyy, Artem",3
"T Ehara, Hiroyasu",3
"T Escurra Isnardi, Hernando Jose",3
"T Ferrari, Francesco",3
"T Gaal, Corey",3
"T Hernandez, Carles",3
"T Hopp, Michel",3
"T Horak, Ondrej",3
"T Horiuchi, Ryusuke",3
"T Jebens, Hendrik",3
"T Jirousek, Tomas",3
"T Joncour, Ronan",3
"T Jones, Hayden",3
"T Jotovski, Tomislav",3
"T Kissell, Chad",3
"T Kumaran, Bharath Nishok",3
"T Lanik, Tomas",3
"T Lee, Tae-Woo",3
"T Li, Majun",3
"T Liu, Hanyi",3
"T Lyeons, Jaycer",3
"T Marrero Curbelo, Ivan",3
"T Miceli, Roberto",3
"T Minasyan, Michael",3
"T Misrahi, Joe",3
"T Musitelli, François",3
"T Neuhaus, Arthur",3
"T Nirundorn, Tanapatt",3
"T Novikov, Dennis",3
"T Oliveira, Christian",3
"T Oliver Moratalla, Vicente",3
"T Ouahab, Lamine",3
"T Panak, Yvo",3
"T Papamalamis, Theo",3
"T Pereira, Miguel Fernando",3
"T Pereira, Tiago",3
"T Pozzani, Nicolo",3
"T Qamar, Fardeen",3
"T Ravichander, Ishaan",3
"T Revelli, Giacomo",3
"T Rodriguez, Johan Alexander",3
"T Sahtali, Toufik",3
"T Salazar, Amador",3
"T Salazar, Daniel",3
"T Sarouk, Yair",3
"T Schaer, Jonas",3
"T Sciahbasi, Lorenzo",3
"T Sorbo, Jonathan",3
"T Stewart, Hamish",3
"T Suresh, Dhakshineswar",3
"T Tarvet, Oliver",3
"T Terczynski, Mateusz",3
"T Thanos, Aristotelis",3
"T Tsivadze, George",3
"T Tyler, Joe",3
"T Ujvary, Matthias",3
"T Van Rensburg, Sean",3
"T Vanneste, Jeroen",3
"T Vatteroni, Lorenzo",3
"T Vishal Balsekar, Aditya",3
"T Volonski, Nikita",3
"T Vu, Ha Minh Duc",3
"T Wang, Chukang",3
"T Ward IV, Emmett",3
"T Weekes, Jaden",3
"T Wunderlich, Yannick",3
"T Xiao, Linang",3
"T Yang, Jimmy",3
"T Yuzuki, Takeru",3
"Valsecchi, Paul",3
"Bar Menahem, Shay",4
"Cornut-Chauvinc, Antoine",4
"Faucon, Romain",4
"Fossati, Carlo Alberto",4
"Frances Tessari, Enzo",4
"Gaillard, Marc Antoine",4
"Gomes, Miguel",4
"Hellum-Lilleengen, Lukas",4
"Hodkin, Sean",4
"Johnson, Luke",4
"Jones, Miles",4
"Jurajda, Adam",4
"Leote Prata, Martim",4
"Pacheco Mendez, Rodrigo",4
"Pena, Enrique",4
"Sookton-eng, Chanchai",4
"T Amoros Ramos, Pol",4
"T Andre, Seydina",4
"T Babelis, Tadas",4
"T Banthia, Siddhant",4
"T Bejenaru, Mateo",4
"T Binda, Alexandr",4
"T Boika, Leanid",4
"T Bondioli, Federico",4
"T Braynin, Aleksandr",4
"T Britto, Luis",4
"T Cash, Robert",4
"T Chikami, Shohei",4
"T De Dios, Felipe",4
"T De Jager, Jesse",4
"T De Maio, Mauro",4
"T Delaney, Jake",4
"T Di Nicola, Gianluca",4
"T Drzewiecki, Karol",4
"T Duran, Tuncay",4
"T Gavrielides, Liam",4
"T Giotis, Rafael",4
"T Giunta, Massimo",4
"T Goldsteiner, Peter",4
"T Henning, Benedikt",4
"T Henning, Philip",4
"T Hernandez, Felipe",4
"T Hess, Sean",4
"T Hietaranta, Roni Mikael",4
"T Hohmann, Ronald",4
"T Isaro, Pruchya",4
"T Javia, Dev",4
"T Jones, Adam",4
"T Kamath, Madhwin",4
"T Kroslak, Jakub",4
"T La Vela, Giuseppe",4
"T Lee, Kuan-Yi",4
"T Maginley, Jody",4
"T Malla, Bastian",4
"T Marchetti, Federico",4
"T Martin, Toby",4
"T Merino, Alexander",4
"T Mikrut, Luka",4
"T Minakov, Mikhail",4
"T Miyoshi, Kenta",4
"T Mo, Ye Cong",4
"T Nedelchev, Nikolay",4
"T Nefve, Axel",4
"T Netuschil, Marvin",4
"T Novikov, Egor",4
"T Paty, Daniel",4
"T Pavlekovich Smith, Thomas",4
"T Pecci, Alessandro",4
"T Petrovic, Andreja",4
"T Phillips, Rowland",4
"T Reboul, Fabien",4
"T Recek, Dominik",4
"T Reyes-Varela, Miguel Angel",4
"T Rojas, Olivier",4
"T Salvestre, Damien",4
"T Seggerman, Ryan",4
"T Shumeiko, Pavel",4
"T Sperle, John",4
"T Storrie, Ryan James",4
"T Sun, Qian",4
"T Takada, Mao",4
"T Talic, Zaharije-Zak",4
"T Terziev, Simeon",4
"T Turriziani Alvarez, Alejandro",4
"T Vasa, Iiro",4
"T Vasilenko, Alexander",4
"T Vasquez Gehrke, Alessio",4
"T Velcz, Zsombor",4
"T Vernier, Michel",4
"T Wang, Tak Khunn",4
"T Woldeab, Siem",4
"Versier, Vivien",4
"Zakaryia, Faris",4
"Andrejic, Marko",5
"Cook, Ethan",5
"Del Pino, Mateo",5
"Denisov, Ivan",5
"Fayziev, Sanjar",5
"Hadigian, Eric",5
"Jachuck, Ronan",5
"Koenig, Luc",5
"Loutit, Jack",5
"Matuszewski, Piotr",5
"Osorio, Juan Sebastian",5
"Sabanov, Matej",5
"Saraiva Dos Santos, Paulo Andre",5
"Schachter, Noah",5
"Shanmugam, Abhinav Sanjeev",5
"Story, James",5
"T Agwi, Michael",5
"T Alvarez, Luis Carlos",5
"T Baris, Ozan",5
"T Baron, Jonathan",5
"T Barreiros Reyes, Mateo",5
"T Bertuccioli, Federico",5
"T Boros, Attila",5
"T Bramajo, Santiago",5
"T Cornea, Victor Vlad",5
"T De Lima, Matheus Amorim",5
"T Dembek, Michal",5
"T Dima, Dragos",5
"T Elia, Alon",5
"T Frantzen, Constantin",5
"T Garcia, Miguel",5
"T Geschwind, Francisco Tomas",5
"T Gregg, Perry",5
"T Hamou, Maxime",5
"T Hoogmartens, Alexander",5
"T Hornitschek, Nico",5
"T Ilkel, Berk",5
"T Kim, Geun Jun",5
"T Lane, Lewie",5
"T Lapalu, Valentin",5
"T Leong, Mitsuki Wei Kang",5
"T Lock, Courtney John",5
"T Lorusso, Lorenzo",5
"T Marinescu, Mihai Razvan",5
"T Nakashima, Bryce",5
"T Nedic, Andrej",5
"T Nicod, Jakub",5
"T Noskin, Egor",5
"T Okamura, Issei",5
"T Orlikowski, Aleksander",5
"T Ozolins, Karlis",5
"T Pietri, Benjamin",5
"T Planelles Ripoll, Gerard",5
"T Ramirez, Cesar",5
"T Sebesta, Jan",5
"T Shyovitz, Eyal",5
"T Sigouin, Benjamin",5
"T Spec, Matic",5
"T Stuurman, Roland",5
"T Tang, Sheng",5
"T Temirhanov, Arslanbek",5
"T Turker, Mert Naci",5
"T Villoslada, Edouard",5
"T Weintraub, Ben",5
"T Wong, Hong Kit",5
"T Wood, Warren",5
"Tsitsipas, Petros",5
"Uzhylovskyi, Volodoymyr",5
"Villalon, Nicolas",5
"Beale, Jeremy",6
"Calvano, Giovanni",6
"Gobat, Adrien",6
"Gola, Andrea",6
"Harazaki, Asahi",6
"Hidalgo, Diego",6
"Inchauspe, Paul",6
"Milev, Yanaki",6
"Misasi, Giannicola",6
"Oetzbach, Adrian",6
"Ostapenkov, Daniil",6
"Qamar, Faisal",6
"Rossi, Leonardo",6
"Sakamoto, Rei",6
"Shin, Maxim",6
"Shin, Sanhui",6
"Singh, Dalwinder",6
"Smith, Jordan",6
"Suzuki, Ko",6
"Swenson, Bjorn",6
"T Balaji, N.Sriram",6
"T Bybel, Nicholas",6
"T Camus, Charlie",6
"T Catry, Robin",6
"T Chanta, Thanapet",6
"T Christodoulou, Stylianos",6
"T Ellouck, Ron",6
"T Fantini, Luca",6
"T Faria, Luis",6
"T Fitriadi, M Rifki",6
"T Heliovaara, Harri",6
"T Hurrion, Millen",6
"T Khoeblal, Elgin",6
"T Kiger, Mac",6
"T King, Evan",6
"T Leal, Vitor",6
"T Llanes, Francisco",6
"T Molino, Javier",6
"T Murphy, Brandon",6
"T Navasirisomboon, Jirat",6
"T Niklas-Salminen, Patrik",6
"T Nincevic, Frane",6
"T Novansky, Michal",6
"T Nunez, Victor",6
"T Nys, Hugo",6
"T Pampanin, Pietro",6
"T Planinsek, Filip Jeff",6
"T Pontico, Hugo",6
"T Rivera, Hudson",6
"T Rogers, Andrew",6
"T Stakusic, Marko",6
"T Sueoka, Yamato",6
"T Takamisawa, Taketo",6
"T Tashbulatov, Dostanbek",6
"T Von Der Schulenburg, Jeffrey",6
"Tajima, Naoki",6
"Trinh, Linh Giang",6
"Uesugi, Kaito",6
"Antonescu, Vasile",7
"Azoides, Demetris",7
"Banerjee, Samir",7
"Bass, Finn",7
"Bolardt, Antonin",7
"Brown, Preston",7
"De Rossi, Marco",7
"Heck, Hunter",7
"Kim, Jae Hwan",7
"Lapadat, Joshua",7
"Liaonenka, Aliaksandr",7
"Markovski, Obrad",7
"Moghini, Gabriele",7
"Nusdeo, Joao Marcos",7
"Pawelski, Martyn",7
"Ragazzi, Alessandro",7
"Roberts, Justin",7
"Rola, Blaz",7
"Safranek, Vaclav",7
"T Bar Biryukov, Petr",7
"T Boyd, Kalman L.",7
"T Castro, Cristobal",7
"T Djuric, Branko",7
"T Gimenez, Julián",7
"T Hamza Reguig, Samir",7
"T Kawahashi, Yuta",7
"T Masabayashi, Tomohiro",7
"T Perez Sanz, David",7
"T Vincent, Antoine",7
"Tumasonis, Gabriel",7
"Vardhan, Vishnu",7
"Williams, Cooper",7
"Arutiunian, Erik",8
"Bickersteth, Jacob",8
"Bosio, Gabriele",8
"Bourgois, Cesar",8
"Brigida, Omar",8
"Cekirge, Kuzey",8
"Flores, Jesse",8
"Freund, Simon",8
"Ghibaudo, Antoine",8
"Ginat, Roi",8
"Harper, Cleeve",8
"Kuperstein, Alex",8
"Minin, Matvey",8
"Nava, Eduardo",8
"Paris, Joshua",8
"Pospisil, Jaroslav",8
"Poullain, Lucas",8
"Sadaoui, Mehdi",8
"Sakharov, Gleb",8
"Scott, Fletcher",8
"Shane, Ryan",8
"Slump, Stijn",8
"T Aksu, Cengiz",8
"T Cloes, Loic",8
"T Evans, Tom",8
"T Kim, Aidan",8
"T Sabanin, Yan",8
"T Schnaitter, Jakob",8
"Trinker, Jonas",8
"Vilella Martinez, Mario",8
"Wojcik, Jakub",8
"Yunis, Facundo",8
"Abderrahman, Wissam",9
"Agabigun, Sarp",9
"Bagnolini, Daniel",9
"Becerra Otarola, Ignacio Antonio",9
"Becroft, Isaac",9
"Brady, Patrick",9
"Brumm, Jacob",9
"Butvilas, Edas",9
"Campana, Federico",9
"Chin, John",9
"Chrysochos, Petros",9
"Esquici, Lorenzo",9
"Gomez, Alejandro",9
"Ilagan, Andre",9
"Lemstra, Kai",9
"Lo, Chien-hsun",9
"Martin, Dan",9
"Mikula, Michal",9
"Pavlovic, Luka",9
"Ratti, Lucio",9
"Reynolds, Finn",9
"Ricca, Giorgio",9
"Robredo, Tommy",9
"Romios, Matthew Christopher",9
"Salton, Dylan",9
"Simonit, Ezequiel",9
"T Arribage, Theo",9
"T Bacaloni, Andrea",9
"T Boureau, Alexis",9
"T Doria, Luciano",9
"T Fukuda, Sora",9
"T Jansen, William",9
"T Jose Ribeiro Lago, Elio",9
"T Opitz, Jannik",9
"T Pearson, Kody",9
"T Petrov, Alexander",9
"T Roveri Sidney, Gabriel",9
"T Shin, Woobin",9
"T Suksumrarn, Thantub",9
"T Zielinski, Marcel",9
"Takeuchi, Kento",9
"Tresca, Giuseppe",9
"Vanta, Valentin",9
"Vasa, Eero",9
"Vylegzhanin, Nikolay",9
"Wojcik, Yann",9
"Aguilar, Juan Carlos",10
"Bailly, Gilles Arnaud",10
"Bradshaw, Jacob",10
"Bruna, Nicolas",10
"Chung, Hong",10
"De Rueda De Genover, Ignasi",10
"Donders, Dax",10
"Eqbal, Ishaque",10
"Evans, Gabriel",10
"Falabella, Lautaro Agustin",10
"Gomez, Mateo",10
"Ignatik, Uladzimir",10
"Jang, Yunseok",10
"Kalender, Admir",10
"Kalyanpur, Adil",10
"Matsumura, Ryotero",10
"Nedovyesov, Aleksandr",10
"Nidunjianzan, Fnu",10
"Nunez, Daniel Antonio",10
"Ortenzi, Gian Marco",10
"Reddy, Rishi",10
"Renard, Lucas",10
"Rocha, Francisco",10
"Ross, Gianni",10
"Sibanda, Mehluli Don Ayanda",10
"Srbljak, Gorazd",10
"Szajrych, Jasza",10
"T Bai, Yan",10
"T Bulitski, Aliaksandr",10
"T Bun, Kenny",10
"T Pini, Francisco",10
"T Shiraishi, Hikaru",10
"T Wiedenmann, Luca",10
"Vasiliauskas, Matas",10
"Zhang, Ze",10
"Bresciani, Lorenzo",11
"Broska, Florian",11
"Cash, Julian",11
"Castagnola, Luca",11
"Claverie, Lorenzo",11
"Coelho, Fabio",11
"Dlimi, Yassine",11
"Iradukunda, Guy Orly",11
"Isomura, Kokoro",11
"Jin, Jeremy",11
"Jones, Ben",11
"Kalovelonis, Markos",11
"Kuhar, Matt",11
"Lacko, Lukas",11
"Lomakin, Grigoriy",11
"Martinez, Mateo Nicolas",11
"Mendoza, Alejandro",11
"Mott, Blake",11
"Olivetti, Albano",11
"Roumane, Rayane",11
"Sandkaulen, Tim",11
"Siniakov, Daniel",11
"Son, Ji Hoon",11
"Sorger, Sebastian",11
"T Cesar Porras, Julio",11
"T Kotzen, Alexander",11
"T Loffhagen, George",11
"Tracy, James",11
"Vishwakarma, Siddharth",11
"Zahraj, Patrick",11
"Zhukov, Maxim",11
"Anthrop, Jack",12
"Bodmer, Adrian",12
"Cacao, Tiago",12
"Catini, Niccolo",12
"Charoenphon, Yuttana",12
"Duda, Filip",12
"Fassbender, Boris",12
"Feldbausch, Kilian",12
"Franco, Tobias",12
"Grant, William",12
"Jones, Maximus",12
"Matas Ortega, Xavi",12
"Menezes, Joao",12
"Mertens, Yannick",12
"Ocleppo, Julian",12
"Sheehy, Joshua",12
"Trongcharoenchaikul, Wishaya",12
"Vankan, Marlon",12
"Walkin, Brandon",12
"Watanabe, Seita",12
"Agarwal, Rishab",13
"Broville, Maxence",13
"Cabrera Bello, Inaki",13
"Castelnuovo, Luca",13
"Catanzariti, A.J.",13
"Crnokrak, Alexander",13
"Dominko, Sebastian",13
"Gagliardo, Lorenzo",13
"Gimenez, Igor",13
"Hanzlik, Cash",13
"Inui, Yuichiro",13
"Jeong, Yeong-Seok",13
"Jong, Sander",13
"Lalami Laaroussi, Younes",13
"Matos, Rafael",13
"Noce, Gabriele Maria",13
"Oberleitner, Neil",13
"Ouakaa, Aziz",13
"Pennaforti, Gabriele",13
"Skorilas, Alexandros",13
"T Giacomini, Luca",13
"T Hasson, Jordan",13
"T Stevenson, Kelsey",13
"T Zhu, Michael",13
"Toledo Bague, Pol",13
"Tonejc, Vito",13
"Viola, Matteo",13
"Welte, Milan",13
"Zgirovsky, Alexander",13
"Zheng, Michael",13
"Bellucci, Thomaz",14
"Brunold, Mika",14
"Cavrak, Ken",14
"Cui, Jie",14
"Dambrosi, Giacomo",14
"Fernandez Flores, Diego",14
"Gomez-Herrera, Carlos",14
"Huang, Haoyuan",14
"Juhas, Kristijan",14
"Kijametovic, Aziz",14
"Lofman, Aleksi",14
"Lopez, Noah",14
"Martinez, Louroi",14
"Midon, Lautaro",14
"Nordquist, Arvid",14
"Papoe, Radu Mihai",14
"Privara, Peter Benjamin",14
"Schnur, Brayden",14
"Singh, Karan",14
"Speziali, Filippo",14
"Sugita, Yuichi",14
"T Andaloro, Fabrizio",14
"T King, Darian",14
"Yamanaka, Taiyo",14
"Benitez Chavarriaga, Juan Manuel",15
"Berrettini, Jacopo",15
"Bouquet, Lucas",15
"Cigarran, Thiago",15
"Goodger, Joshua",15
"Kang, Kyle",15
"Lambling, Raphael",15
"Mansilla Diez, Mario",15
"Mbithi, Mwendwa",15
"Nishiwaki, Kazuki",15
"Rubio Fierros, Alan Fernando",15
"Sheyngezikht, Leonid",15
"Steiner, Maik",15
"Woerner, Paul",15
"Barreto Sanchez, Diego Augusto",16
"Biljesko, Domagoj",16
"Bouzige, Moerani",16
"Garcian, Axel",16
"Ichikawa, Taisei",16
"Ivanov, Vladislav",16
"Kobelt, Nicolas",16
"Matsuda, Koki",16
"Moraing, Oscar",16
"Musialek, Alexis",16
"Palovic, Lukas",16
"Sakellaridis, Stefanos",16
"Seateun, Nathan",16
"T Klahn, Bradley",16
"T Vocel, Matej",16
"Yamasaki, Jumpei",16
"Butulija, Boris",17
"Cervantes, Inigo",17
"Delage, Pierre",17
"Donev, Gabriel",17
"Efstathiou, Menelaos",17
"Eysseric, Jonathan",17
"Giacalone, Omar",17
"Kumasaka, Takuya",17
"Maamoun, Karim-Mohamed",17
"Maloney, Patrick",17
"Niki, Takuto",17
"Ogura, Kosuke",17
"Raynel, Amaury",17
"Reitano, Stefano",17
"Tien, Learner",17
"Aubriot, Alexandre",18
"Baadi, Taha",18
"Ehrenschneider, Nino",18
"Farren, Connor",18
"Florig, Philip",18
"Loureiro, Joao Victor Couto",18
"Marmousez, Lilian",18
"Obradovic, Dusan",18
"Parizzia, Nicolas",18
"Rocha, Henrique",18
"Justo, Guido Ivan",19
"Kodat, Toby Alex",19
"Sinha, Nitin Kumar",19
"Tepmahc, Nicolas",19
"Basing, Max",20
"Beloborodko, Illya",20
"Bielinskyi, Oleksandr",20
"Fonseca, Joao",20
"Haliak, Mikalai",20
"Ilhan, Marsel",20
"Lopez, Feliciano",20
"Pecotic, Matija",20
"Puttergill, Calum",20
"Sharipov, Marat",20
"Tomescu, Dan Alexandru",20
"Zink, Tyler",20
"Bachinger, Matthias",21
"Battaglino, Stefano",21
"Bergevi, Filip",21
"Boitan, Gabi Adrian",21
"Bovy, Arnaud",21
"Breysach, Martin",21
"Gadamauri, Buvaysar",21
"Gonzalez, Alejandro",21
"Jovic, Viktor",21
"Kawachi, Kazuma",21
"Little, Daniel",21
"Nesterov, Petr",21
"Philippov, Evgeny",21
"Pontoglio, Davide",21
"Rodriguez - Pace, Ricardo",21
"Rodriguez, Lorenzo Joaquin",21
"Strode, Isaiah",21
"Vilardo, Francesco",21
"Gentzsch, Tom",22
"Gonzalez Fernandez, Mario",22
"Gulin, Svyatoslav",22
"Harper, Mitchell",22
"Hoyos, Alejandro",22
"Imamura, Masamichi",22
"Jans, Jarno",22
"Jecan, Alexandru",22
"Al Allaf, Kareem",23
"Ambrogi, Luciano Emanuel",23
"Blanch, Dali",23
"Ellis, Blake",23
"Manzanera Pertusa, Alejandro",23
"Martinez, Alex",23
"McNally, John",23
"Patino, Luis",23
"Pieczkowski, Olaf",23
"Roncadelli, Franco",23
"Simakin, Ilia",23
"Wassermann, Deney",23
"Buitrago, Nicolas",24
"Den Ouden, Guy",24
"Echeverria, John",24
"Liutarevich, Ivan",24
"March, Cayetano",24
"Prado Angelo, Juan Carlos",24
"Rajski, Maciej",24
"Addison, Aaron",25
"Bakshi, Aleksandre",25
"Braswell, Micah",25
"Guerrieri, Andrea",25
"Nijboer, Ryan",25
"Sigsgaard, Christian",25
"Sumizawa, Daisuke",25
"Tamm, Kristjan",25
"Zima, Leopold",25
"Barnat, Jiri",26
"Dalla Valle, Enrico",26
"Dancu, Vlad Andrei",26
"Glinka, Daniil",26
"Hidalgo, Gabriel Alejandro",26
"Ho, Ray",26
"Kestelboim, Mariano",26
"Lee, Jea Moon",26
"Nejedly, Pavel",26
"Basso, Andrea",27
"Bicknell, Blaise",27
"De Krom, Michiel",27
"De La Fuente, Santiago",27
"Gaubas, Vilius",27
"Horvat, Roko",27
"Klok, Denis",27
"Manda, Calin",27
"O'Hoisin, Osgar",27
"Rodenas, Pedro",27
"Rottoli, Lorenzo",27
"Scaglia, Mathieu",27
"Baldi, Filippo",28
"Ebden, Matthew",28
"Gomez, Juan Sebastian",28
"Kikuchi, Yuta",28
"Montsi, Khololwam",28
"Mora, Maxime",28
"Perez Contri, Sergi",28
"Rikl, Patrik",28
"Rodrigues, Daniel",28
"Vallejo, Adolfo Daniel",28
"Wong, Chak Lam Coleman",28
"Zeballos, Federico",28
"Apostol, Bogdan Ionut",29
"Barton, Hynek",29
"Bondarevskiy, Yan",29
"Carr, Simon",29
"Dev, S D Prajwal",29
"Paroulek, Tadeas",29
"Tokuda, Renta",29
"Zormann, Marcelo",29
"Balazs, Attila",30
"Bax, Florent",30
"Beauge, Maxence",30
"Buse, Ignacio",30
"Deschamps, Thomas",30
"Erler, Alexander",30
"Guillen Meza, Alvaro",30
"Kaliyanda Poonacha, Niki",30
"Kovapitukted, Palaphoom",30
"Moller, Elmer",30
"Pujol Navarro, Bruno",30
"Reinberg, Emil",30
"Rodesch, Chris",30
"Kimhi, Orel",31
"Lilov, Victor",31
"Mazza, Manuel",31
"Nedelko, Ivan",31
"Sakamoto, Pedro",31
"Brugnerotto, Marco",32
"Matsuda, Ryuki",32
"Schell, Niklas",32
"Takahashi, Yusuke",32
"Veldheer, Mick",32
"Yamacita, Fernando",32
"Blumberg, William",33
"Colson, Tibo",33
"Galarza, Juan Ignacio",33
"Ingildsen, Johannes",33
"Kielan, Szymon",33
"Matusevich, Anton",33
"Vandermeersch, Cyril",33
"Wang, Xiaofei",33
"Artnak, Bor",34
"Beckley, Alec",34
"Bocchi, Lorenzo",34
"Cias, Pawel",34
"Danilov, Savriyan",34
"Donati, Matteo",34
"Ivanov, Simon Anthony",34
"Kekez, Duje",34
"Moundir, Adam",34
"Negritu, Christoph",34
"Perchicot, Matthieu",34
"Polukhin, Savva",34
"Prizmic, Dino",34
"Saitoh, Keisuke",34
"Tkemaladze, Zura",34
"Bouquier, Arthur",35
"Ito, Tatsuma",35
"Marcora, Roberto",35
"Wallin, Olle",35
"Harris, Andrew",36
"Kivattsev, Kirill",36
"Miceli, Marco",36
"Mitsui, Shunsuke",36
"Picchione, Andrea",36
"Voisin, Emilien",36
"Barrena, Alex",37
"Damas, Miguel",37
"Johns, Garrett",37
"Kamke, Tobias",37
"Li, Zhe",37
"Lipovsek Puches, Tomas",37
"Pokorny, Lukas",37
"Pontjodikromo, Sidane",37
"Winter, Edward",37
"Compagnucci, Tommaso",38
"Cungu, Rrezart",38
"Galoppini, Davide",38
"Krainer, Lukas",38
"Safwat, Mohamed",38
"Sorrentino, Luigi",38
"Torpegaard, Mikael",38
"Boehler, Dominik",40
"Simon, Sahar",40
"Sureshkumar, Manish",40
"Weightman, Oscar",40
"Dostanic, Stefan",41
"Egea, Franco Emanuel",41
"Gomez, Federico Agustin",41
"Haerteis, Johannes",41
"Iannaccone, Federico",41
"Naw, Hazem",41
"Pannu, Kiranpal",41
"Araujo, Pedro",42
"Atlangeriev, Bekkhan",42
"Bemelmans, Ruben",42
"Jahn, Jeremy",42
"Popovic, Stefan",42
"Bolt, Alex",43
"Carou, Ignacio",43
"Chidekh, Clement",43
"Elsayed, Amr",43
"Frunza, Nicolae",43
"Kim, Cheong-Eui",43
"Smith, Roy",43
"Tomasetto, Luca",43
"Wallart, Enzo",43
"Winter Lopez, Benjamin",43
"Zanellato, Nicolas",43
"Handel, Tim",44
"Janowicz, Jerzy",44
"Kuzuhara, Bruno",44
"Wehnelt, Kai",44
"Debru, Gabriel",45
"Donski, Alexander",45
"Folliot, Quentin",45
"Heyman, Christopher",45
"Krstin, Pedja",45
"Nouza, Petr",45
"Rodriguez, Cristian",45
"Roncalli, Simone",45
"Bielinskyi, Viacheslav",46
"Corwin, Felix",46
"Fajta, Peter",46
"Kirci, Koray",46
"Lee, Duckhee",46
"Li, Hanwen",46
"Reymond, Arthur",46
"Tabacco, Giorgio",46
"Van Wyk, Kris",46
"Baker, Blu",47
"Fuele, Matyas",47
"Ivanovski, Kalin",47
"Klier Junior, Gilbert",47
"Knaff, Alex",47
"Markes, Colin",47
"Metreveli, Aleksandre",47
"Soeda, Go",47
"Tabacco, Fausto",47
"Cid Subervi, Roberto",48
"Tanuma, Ryota",48
"Kadhe, Arjun",49
"Michelsen, Alex",49
"Samrej, Kasidit",49
"Tenti, Fermin",49
"Balzerani, Riccardo",50
"Harrison, Ryan",50
"Hernandez, Alex",50
"Jorda Sanchis, David",50
"Mridha, Jonathan",50
"Trotter, James",50
"Faria, Jaime",51
"Park, Uisung",51
"Prechtel, Sebastian",51
"Rawat, Sidharth",51
"Sun, Fajing",51
"Bernard, Alexander",52
"Catarina, Lucas",52
"Edmund, Kyle",52
"Martinez Martinez, Jorge",52
"Moeller, Marvin",52
"Patten, Henry",52
"Farjat, Tomas",53
"Heller, Peter",53
"Martin, Andres",53
"Pinnington Jones, Jack",53
"Young, Donald",53
"Bittoun Kouzmine, Constantin",54
"Luz, Orlando",54
"Martinez, Mirko",54
"Chazal, Maxime",55
"Dellavedova, Matthew",55
"Rubin, Noah",55
"Weber, Arthur",55
"Andrade, Andres",56
"Angele, Jaimee Floyd",56
"Cuenin, Sean",56
"Huertas del Pino, Conner",56
"McCormick, Tristan",56
"Mu, Tao",56
"Saville, Luke",56
"Te, Rigele",56
"Vale, Duarte",56
"Bertran, Peter",57
"Bhambri, Yuki",57
"Boulais, Justin",57
"Kravchenko, Georgii",57
"Lamasine, Tristan",57
"Monday, Johannus",57
"Purtseladze, Saba",57
"Singh, Digvijaypratap",57
"Whitehouse, Mark",57
"Aragone, JC",58
"Huang, Tsung-Hao",58
"Paul, Jakub",58
"Sekiguchi, Shuichi",58
"Deckers, Alec",59
"Ponwith, Nathan",59
"Alcala Gurri, Max",60
"Bueno, Gonzalo",60
"Kingsley, Cannon",60
"Piraino, Gabriele",61
"Sekulic, Philip",61
"Snitari, Ilya",61
"Legout, Timo",62
"Mochizuki, Yuki",62
"Samuel, Toby",62
"Soto, Matias",62
"Cozbinov, Alexandr",63
"Fancutt, Thomas",63
"Hazawa, Shinji",63
"Lopez Morillo, Imanol",63
"Bangoura, Sekou",64
"Hussey, Giles",64
"Mayo, Aidan",64
"Cassone, Murphy",65
"Ochi, Makoto",65
"Wendelken, Harry",65
"Draxl, Liam",66
"Kypson, Patrick",66
"Shelbayh, Abedallah",66
"Beaupain, Simon",67
"Merida, Daniel",67
"Palosi, Stefan",67
"Rai, Ajeet",67
"Serafini, Marcello",67
"Soriano Barrera, Adria",67
"Madarasz, Gergely",68
"Montes-De La Torre, Inaki",68
"Poljicak, Mili",68
"Vanshelboim, Eric",68
"Borg, Leo",69
"Gautier, Alexis",69
"Capecchi, Daniele",70
"Kuhn, Nicola",70
"Nagal, Sumit",70
"Statham, Rubin",70
"Strombachs, Robert",70
"Lenz, Julian",71
"Brymer, Gage",72
"Erel, Yanki",72
"Gima, Sebastian",72
"Kravchuk, Konstantin",72
"Napolitano, Stefano",72
"Riffice, Sam",72
"Sousa, Pedro",72
"Perez, Alfredo",73
"Sultanov, Khumoyun",73
"Bobrov, Bogdan",74
"Langmo, Christian",74
"Lingua Lavallen, Alejo Lorenzo",74
"Marie, Jules",74
"Vidal Azorin, Jose Fco.",74
"Monzon, Ignacio",75
"Pichler, David",75
"Coulibaly, Eliakim",76
"Huertas Del Pino Cordova, Arklon",76
"Clark, Ezekiel",77
"Holmgren, August",77
"Arnaboldi, Federico",78
"Nam, JiSung",79
"Oliel, Yshai",79
"Sinclair, Colin",80
"Imai, Shintaro",82
"Istomin, Denis",82
"Rincon, Daniel",82
"Aboian, Leonardo",83
"Denolly, Corentin",83
"Kawakami, Rimpei",83
"Fery, Arthur",84
"Nakagawa, Naoki",84
"Oliveira, Goncalo",84
"Tomic, Bernard",84
"Zukas, Matias",84
"Bertrand, Robin",85
"Pervolarakis, Michail",85
"Cuevas, Martin",86
"Forti, Francesco",86
"Kopp, Sandro",86
"Damm, Martin",87
"Esteve Lobato, Eduard",87
"Gill, Felix",87
"Kelly, Dayne",87
"Lajal, Mark",87
"Poljak, David",87
"Quinn, Ethan",87
"Setkic, Aldin",88
"Topo, Marko",88
"Potenza, Luca",89
"Rosenkranz, Mats",90
"Barrientos, Nicolas",91
"Chappell, Nick",91
"Aboian, Valerio",92
"Jacquet, Kyrian",92
"Panta, Jorge",93
"Gimeno Valero, Carlos",94
"Kuznetsov, Andrey",94
"Mensik, Jakub",94
"Tiurnev, Evgenii",95
"Alves, Mateus",96
"Friberg, Karl",96
"Hemery, Calvin",96
"Krumich, Martin",96
"Kumar, Omni",96
"Gutierrez, Oscar Jose",97
"Kirchheimer, Strong",97
"Marti Pujolras, Alex",98
"Ramanathan, Ramkumar",98
"Ribeiro, Eduardo",98
"Ayeni, Alafia",99
"Heide, Gustavo",99
"Jaziri, Malek",99
"Miedler, Lucas",99
"Walton, Adam",99
"Leite, Wilson",100
"Menendez-Maceiras, Adrian",100
"Vincent Ruggeri, Samuel",100
"Kym, Jerome",102
"Gaio, Federico",104
"Rehberg, Max Hans",104
"Descotte, Matias Franco",105
"Gueymard Wayenburg, Sascha",105
"Habib, Hady",106
"Kohlschreiber, Philipp",106
"Sanchez Jover, Carlos",106
"Martineau, Matteo",107
"Ferrari, Gianmarco",108
"Marchenko, Illya",108
"Bourgue, Mathias",109
"Briand, Jurgen",109
"Benchetrit, Elliot",110
"McCabe, James",111
"Patael, Ben",111
"Pereira, Jose",113
"Wenger, Damien",113
"Shimizu, Yuta",114
"Cox, Daniel",115
"Otegui, Juan Bautista",115
"Paz, Juan Pablo",115
"Seelig, Kyle",117
"Cretu, Cezar",118
"Juarez, Facundo",118
"Nanda, Govind",118
"Andreozzi, Guido",119
"Barroso Campos, Alberto",119
"Donskoy, Evgeny",119
"Santillan, Akira",119
"Lopez San Martin, Alvaro",120
"Cazaux, Arthur",121
"Jung, Jason",121
"Kasnikowski, Maks",121
"Kirkin, Ergi",121
"Orlov, Vladyslav",121
"Seyboth Wild, Thiago",121
"Ajdukovic, Duje",122
"Pouille, Lucas",122
"Smith, Keegan",122
"Leshem, Edan",124
"Prihodko, Oleg",124
"Basic, Mirza",125
"Copil, Marius",125
"Ovcharenko, Oleksandr",125
"Bertola, Remy",126
"Melzer, Gerald",126
"McHugh, Aidan",127
"Rybakov, Alex",127
"Lock, Benjamin",128
"Mpetshi Perricard, Giovanni",128
"Nikles, Johan",128
"Palan, Dominik",128
"Schoolkate, Tristan",128
"Fanselow, Sebastian",129
"Vrbensky, Michael",129
"Fonio, Giovanni",130
"Peliwo, Filip",130
"Erhard, Mathys",131
"Fomin, Sergey",131
"Hoang, Antoine",131
"Ilkel, Cem",131
"Paulson, Andrew",131
"Chepelev, Andrey",132
"Squire, Henri",133
"Broom, Charles",135
"Cukierman, Daniel",135
"Molleker, Rudolf",135
"Parker, Stuart",135
"Seppi, Andreas",135
"Oradini, Giovanni",136
"Echargui, Moez",137
"Llamas Ruiz, Pablo",137
"De Schepper, Kenny",139
"Lavagno, Edoardo",139
"Weis, Alexander",139
"Bedene, Aljaz",140
"Gunneswaran, Prajnesh",140
"Boscardin Dias, Pedro",141
"Harrison, Christian",141
"Horansky, Filip",141
"Marcondes, Igor",141
"Durasovic, Viktor",143
"Janvier, Maxime",143
"Houkes, Max",144
"Sasikumar, Mukund",144
"De Loore, Joris",145
"Lopez Montagud, Carlos",148
"Onclin, Gauthier",148
"Chung, Yunseong",149
"Kachmazov, Alibek",149
"Polmans, Marc",149
"Martin, Andrej",150
"Royer, Valentin",150
"Popko, Dmitry",152
"Querrey, Sam",152
"Harris, Billy",153
"Alvarez, Nicolas",157
"Dellien, Murkel",157
"Crawford, Oliver",158
"Gengel, Marek",158
"Tabur, Clement",158
"Uchiyama, Yasutaka",158
"Blanch, Ulises",159
"Fabbiano, Thomas",159
"Mochizuki, Shintaro",159
"Fratangelo, Bjorn",160
"Moro Canas, Alejandro",160
"Jianu, Filip Cristian",161
"Reis Da Silva, Joao Lucas",161
"Karlovskiy, Evgeny",162
"Moroni, Gian Marco",162
"Madaras, Dragos Nicolae",164
"Travaglia, Stefano",164
"Gulbis, Ernests",165
"Vatutin, Alexey",165
"Zhukayev, Beibit",165
"Herbert, Pierre-Hugues",166
"Quiroz, Roberto",166
"Hassan, Benjamin",170
"Moraing, Mats",170
"Svajda, Zachary",171
"Villanueva, Gonzalo",171
"Yunchaokete, Bu",171
"Atmane, Terence",173
"Ejupovic, Elmar",174
"Caruso, Salvatore",175
"Neumayer, Lukas",175
"Martin Tiffon, Pol",176
"Barranco Cosano, Javier",177
"Yevseyev, Denis",177
"Masur, Daniel",178
"Sachko, Vitaliy",178
"Vacherot, Valentin",178
"Wessels, Louis",178
"Zhu, Evan",179
"de Jong, Jesper",179
"Blanchet, Ugo",180
"Droguet, Titouan",180
"Lazarov, Alexandar",180
"Added, Dan",181
"Gerch, Lucas",183
"Collignon, Raphael",184
"Giustino, Lorenzo",184
"Gerasimov, Egor",185
"Stodder, Timo",185
"Decamps, Gabriel",186
"Domingues, Joao",186
"Valkusz, Mate",188
"Dougaz, Aziz",189
"Neuchrist, Maximilian",189
"Diez, Steven",190
"Moriya, Hiroki",191
"Arnaboldi, Andrea",192
"Gray, Alastair",198
"Sandgren, Tennys",198
"Lama, Gonzalo",199
"Shimabukuro, Sho",199
"Forejtek, Jonas",200
"Roca Batalla, Oriol",200
"Giannessi, Alessandro",201
"Dutra da Silva, Daniel",202
"Burruchaga, Roman Andres",204
"Michalski, Daniel",204
"Haase, Robin",207
"Mejia, Nicolas",207
"Cuevas, Pablo",208
"Sanchez Izquierdo, Nikolas",209
"Mayot, Harold",211
"Geerts, Michael",212
"Hong, Seong-chan",212
"Medjedovic, Hamad",212
"Casanova, Hernan",215
"Choinski, Jan",215
"Londero, Juan Ignacio",215
"Comesana, Francisco",216
"Sweeny, Dane",217
"Kolar, Zdenek",218
"Fils, Arthur",219
"Collarini, Andrea",220
"Zuk, Kacper",220
"Gigante, Matteo",221
"Gakhov, Ivan",224
"Mansouri, Skander",225
"Clarke, Jay",226
"Navone, Mariano",226
"Torres, Juan Bautista",228
"Alvarez Varona, Nicolas",229
"Harris, Lloyd",230
"Ly, Nam Hoang",231
"Celikbilek, Altug",236
"Gojowczyk, Peter",236
"Serdarusic, Nino",238
"Zekic, Miljan",238
"Barrios Vera, Tomas",239
"Milojevic, Nikola",239
"Fatic, Nerman",241
"Diallo, Gabriel",242
"Jasika, Omar",242
"Escobedo, Ernesto",243
"Ionel, Nicholas David",244
"Tirante, Thiago Agustin",244
"Trungelliti, Marco",247
"Svrcina, Dalibor",249
"Purcell, Max",252
"Hsu, Yu Hsiou",253
"Jubb, Paul",253
"Holt, Brandon",255
"Rosol, Lukas",256
"Moreno De Alboran, Nicolas",257
"Krueger, Mitchell",258
"Elias, Gastao",261
"Mager, Gianluca",262
"Vavassori, Andrea",262
"Tu, Li",264
"Furness, Evan",265
"Galarneau, Alexis",265
"Noguchi, Rio",265
"Escoffier, Antoine",268
"Hardt, Nick",268
"Lokoli, Laurent",269
"Pucinelli De Almeida, Matheus",270
"Stebe, Cedrik-Marcel",270
"Darderi, Luciano",273
"Ferreira Silva, Frederico",275
"Coppejans, Kimmer",276
"Koepfer, Dominik",279
"Kozlov, Stefan",280
"Maestrelli, Francesco",281
"Kuzmanov, Dimitar",282
"Olivieri, Genaro Alberto",282
"Brancaccio, Raul",287
"Ofner, Sebastian",288
"Shang, Juncheng",289
"Andreev, Adrian",296
"Diaz Acosta, Facundo",298
"Kukushkin, Mikhail",300
"Bonadio, Riccardo",301
"Dzumhur, Damir",304
"Krutykh, Oleksii",307
"Wu, Tung-Lin",307
"Bellier, Antoine",309
"Olivo, Renzo",315
"Novak, Dennis",316
"Pellegrino, Andrea",316
"Paire, Benoit",317
"Rodriguez Taverna, Santiago",317
"Kicker, Nicolas",318
"Nava, Emilio",320
"Ficovich, Juan Pablo",321
"Mena, Facundo",321
"Virtanen, Otto",321
"Couacaud, Enzo",327
"Laaksonen, Henri",334
"Cobolli, Flavio",335
"Marozsan, Fabian",335
"Ritschard, Alexander",335
"Berankis, Ricardas",339
"Meligeni Alves, Felipe",343
"Taberner, Carlos",343
"Hijikata, Rinky",344
"Peniston, Ryan",344
"Broady, Liam",348
"Piros, Zsombor",349
"Zeppieri, Giulio",350
"Muller, Alexandre",351
"Marterer, Maximilian",354
"Kovacevic, Aleksandar",360
"Riedi, Leandro",360
"Uchida, Kaichi",362
"Brouwer, Gijs",363
"Duckworth, James",363
"Shevchenko, Alexander",369
"Bellucci, Mattia",370
"Cerundolo, Juan Manuel",370
"Jarry, Nicolas",370
"Struff, Jan-Lennard",375
"Misolic, Filip",376
"Wawrinka, Stan",377
"Millman, John",378
"Guinard, Manuel",380
"Gojo, Borna",381
"Watanuki, Yosuke",381
"Simon, Gilles",385
"Skatov, Timofey",387
"Grenier, Hugo",388
"Kopriva, Vit",391
"Agamenone, Franco",403
"Kovalik, Jozef",404
"Klein, Lukas",405
"Van Assche, Luca",405
"Blancaneaux, Geoffrey",412
"Arnaldi, Matteo",419
"Sels, Jelle",421
"Sock, Jack",428
"Vukic, Aleksandar",429
"Bergs, Zizou",435
"Hanfmann, Yannick",435
"Nardi, Luca",437
"Ymer, Elias",444
"Ugo Carabelli, Camilo",449
"Delbonis, Federico",456
"Verdasco, Fernando",460
"Eubanks, Christopher",462
"Rodionov, Jurij",465
"Andujar, Pablo",467
"Popyrin, Alexei",469
"Dellien, Hugo",473
"Passaro, Francesco",473
"Stricker, Dominic",483
"Wu, Yibing",488
"Gombos, Norbert",496
"Mmoh, Michael",507
"van Rijthoven, Tim",516
"Johnson, Steve",517
"Vesely, Jiri",524
"Gaston, Hugo",526
"Kubler, Jason",538
"Kudla, Denis",548
"Varillas, Juan Pablo",552
"Gomez, Emilio",553
"Albot, Radu",559
"Thiem, Dominic",561
"Cecchinato, Marco",562
"Kotov, Pavel",563
"Tabilo, Alejandro",567
"Zhang, Zhizhen",569
"Pospisil, Vasek",570
"Borges, Nuno",573
"Machac, Tomas",580
"Griekspoor, Tallon",584
"Shelton, Ben",584
"Altmaier, Daniel",590
"Kokkinakis, Thanasi",592
"Daniel, Taro",594
"Basilashvili, Nikoloz",595
"Bagnis, Facundo",603
"Barrere, Gregoire",603
"Safiullin, Roman",606
"Fucsovics, Marton",607
"Tseng, Chun-Hsin",611
"Humbert, Ugo",613
"Garin, Cristian",615
"Thompson, Jordan",626
"Kwon, Soonwoo",630
"Sousa, Joao",638
"Lajovic, Dusan",646
"Lehecka, Jiri",646
"Etcheverry, Tomas Martin",649
"O'Connell, Christopher",652
"Majchrzak, Kamil",653
"Otte, Oscar",691
"Carballes Baena, Roberto",695
"Coria, Federico",695
"Ivashka, Ilya",705
"Zapata Miralles, Bernabe",712
"Djere, Laslo",738
"Monteiro, Thiago",738
"Ymer, Mikael",739
"Gasquet, Richard",740
"Galan, Daniel Elahi",741
"Wolf, J.J.",746
"Lestienne, Constant",760
"Halys, Quentin",767
"McDonald, Mackenzie",775
"Giron, Marcos",776
"Martinez, Pedro",776
"Bonzi, Benjamin",781
"Karatsev, Aslan",795
"Munar, Jaume",802
"Cachin, Pedro",813
"Huesler, Marc-Andrea",818
"Fognini, Fabio",843
"Krajinovic, Filip",845
"Goffin, David",870
"Monfils, Gael",880
"Moutet, Corentin",892
"Molcan, Alex",895
"Brooksby, Jenson",920
"Murray, Andy",920
"Nakashima, Brandon",927
"Mannarino, Adrian",946
"Sonego, Lorenzo",950
"Rinderknech, Arthur",952
"Baez, Sebastian",987
"Draper, Jack",990
"Isner, John",1005
"Ruusuvuori, Emil",1011
"Ramos-Vinolas, Albert",1075
"Opelka, Reilly",1095
"Bublik, Alexander",1130
"Nishioka, Yoshihito",1134
"van de Zandschulp, Botic",1160
"Cressy, Maxime",1163
"Korda, Sebastian",1175
"Paul, Tommy",1210
"Davidovich Fokina, Alejandro",1280
"Cerundolo, Francisco",1395
"Kecmanovic, Miomir",1420
"Dimitrov, Grigor",1460
"Evans, Daniel",1585
"Coric, Borna",1685
"Schwartzman, Diego",1700
"de Minaur, Alex",1790
"Musetti, Lorenzo",1865
"Kyrgios, Nick",1870
"Bautista Agut, Roberto",1940
"Khachanov, Karen",1990
"Tiafoe, Frances",2000
"Shapovalov, Denis",2075
"Cilic, Marin",2105
"Berrettini, Matteo",2375
"Sinner, Jannik",2410
"Norrie, Cameron",2445
"Carreno Busta, Pablo",2495
"Zverev, Alexander",2700
"Rune, Holger",2888
"Hurkacz, Hubert",2905
"Fritz, Taylor",3355
"Rublev, Andrey",3930
"Medvedev, Daniil",4065
"Auger-Aliassime, Felix",4195
"Djokovic, Novak",4820
"Tsitsipas, Stefanos",5550
"Ruud, Casper",5820
"Nadal, Rafael",6020
"Alcaraz, Carlos",6820
