institution_year,score
Mines ParisTech 2012,43.36
Utrecht University 2012,43.47
University of Bristol 2012,43.77
University of Nottingham 2012,43.79
University of Texas MD Anderson Cancer Center 2012,43.88
Williams College 2012,43.89
China Pharmaceutical University 2015,44.02
University of A Coruña 2015,44.02
Alexandria University 2015,44.03
Federal University of Bahia 2015,44.03
Federal University of Ceará 2015,44.03
King Abdulaziz University 2015,44.03
Ryerson University 2015,44.03
Southwest Jiaotong University 2015,44.03
University of the Algarve 2015,44.03
Xidian University 2015,44.03
Babeș-Bolyai University 2015,44.04
China Medical University (PRC) 2015,44.04
Feng Chia University 2015,44.04
Henan Normal University 2015,44.04
Mansoura University 2015,44.04
Novosibirsk State University 2015,44.04
University of Bucharest 2015,44.04
University of Pau and Pays de l'Adour 2015,44.04
Zhejiang University of Technology 2015,44.04
Beijing University of Technology 2015,44.05
Federal University of Santa Maria 2015,44.05
Shenzhen University 2015,44.05
Tianjin Medical University 2015,44.05
"University of Chemistry and Technology, Prague 2015",44.05
University of Limerick 2015,44.05
University of Reims Champagne-Ardenne 2015,44.05
Yuan Ze University 2015,44.05
Ain Shams University 2015,44.06
Chung Shan Medical University 2015,44.06
Fu Jen Catholic University 2015,44.06
Hunan Normal University 2015,44.06
Ibaraki University 2015,44.06
National University of Colombia 2015,44.06
South China Agricultural University 2015,44.06
Southern Medical University 2015,44.06
Ulsan National Institute of Science and Technology 2015,44.06
University of Puerto Rico at Mayagüez 2015,44.06
University of Silesia 2015,44.06
University of Valenciennes and Hainaut-Cambresis 2015,44.06
Amirkabir University of Technology 2015,44.07
Dokuz Eylül University 2015,44.07
Federal University of ABC 2015,44.07
Federico Santa María Technical University 2015,44.07
Harbin Engineering University 2015,44.07
Jinan University 2015,44.07
Public University of Navarre 2015,44.07
Shiraz University 2015,44.07
Third Military Medical University 2015,44.07
Gachon University 2015,44.08
Hallym University 2015,44.08
Hirosaki University 2015,44.08
Jiangsu University 2015,44.08
National Taiwan Ocean University 2015,44.08
Northwestern Polytechnical University 2015,44.08
United Arab Emirates University 2015,44.08
Xiangtan University 2015,44.08
Charles Darwin University 2015,44.09
Federal University of Pernambuco 2015,44.09
Federal University of São Carlos 2015,44.09
University of Almería 2015,44.09
"University of California, Merced 2015",44.09
University of Central Lancashire 2015,44.09
University of Jaén 2015,44.09
University of Waikato 2015,44.09
Wrocław University of Technology 2015,44.09
Yangzhou University 2015,44.09
Carlos III University of Madrid 2015,44.1
Federal University of Paraná 2015,44.1
National Taiwan Normal University 2015,44.1
National University of Córdoba 2015,44.1
Ritsumeikan University 2015,44.1
Shahid Beheshti University of Medical Sciences 2015,44.1
University of Cyprus 2015,44.1
University of Cádiz 2015,44.1
University of Texas at El Paso 2015,44.1
Jadavpur University 2015,44.11
South China Normal University 2015,44.11
University of Hyderabad 2015,44.11
Federal University of Santa Catarina 2015,44.12
Fluminense Federal University 2015,44.12
Isfahan University of Technology 2015,44.12
National Taiwan University of Science and Technology 2015,44.12
Nicolaus Copernicus University in Toruń 2015,44.12
Saitama University 2015,44.12
Tarbiat Modares University 2015,44.12
Teikyo University 2015,44.12
Trent University 2015,44.12
University of Basilicata 2015,44.12
University of Brasília 2015,44.12
University of Camerino 2015,44.12
University of Lethbridge 2015,44.12
University of North Dakota 2015,44.12
University of Wrocław 2015,44.12
China University of Geosciences (Wuhan) 2015,44.13
Fourth Military Medical University 2015,44.13
Oakland University 2015,44.13
Pukyong National University 2015,44.13
Shimane University 2015,44.13
University of Fukui 2015,44.13
University of Mannheim 2015,44.13
University of North Carolina at Greensboro 2015,44.13
University of Southern Mississippi 2015,44.13
University of Sydney 2012,44.13
University of Thessaly 2015,44.13
University of Western Brittany 2015,44.13
Wilfrid Laurier University 2015,44.13
Adam Mickiewicz University in Poznań 2015,44.14
Kyoto Institute of Technology 2015,44.14
Manchester Metropolitan University 2015,44.14
Nanjing Medical University 2015,44.14
Nanjing University of Aeronautics and Astronautics 2015,44.14
"Queens College, City University of New York 2015",44.14
Shanghai Normal University 2015,44.14
Southwest University 2015,44.14
University of Calcutta 2015,44.14
University of Lleida 2015,44.14
University of Pécs 2015,44.14
Chosun University 2015,44.15
Hefei University of Technology 2015,44.15
Jean Monnet University 2015,44.15
Northwest University (China) 2015,44.15
University of Copenhagen 2012,44.15
University of Massachusetts Lowell 2015,44.15
University of Orléans 2015,44.15
University of Osnabrück 2015,44.15
University of Western Sydney 2015,44.15
École centrale de Lyon 2015,44.15
Chung Yuan Christian University 2015,44.16
Makerere University 2015,44.16
Nanjing Agricultural University 2015,44.16
Northeastern University (China) 2015,44.16
RMIT University 2015,44.16
"Royal Veterinary College, University of London 2015",44.16
Sejong University 2015,44.16
University of Extremadura 2015,44.16
University of New Brunswick 2015,44.16
University of the Republic (Uruguay) 2015,44.16
Brock University 2015,44.17
Florida Atlantic University 2015,44.17
Fukuoka University 2015,44.17
Hamamatsu University School of Medicine 2015,44.17
Huazhong Agricultural University 2015,44.17
Nanjing Normal University 2015,44.17
National Chung Cheng University 2015,44.17
University of Angers 2015,44.17
University of Seoul 2015,44.17
University of Siegen 2015,44.17
"All India Institute of Medical Sciences, New Delhi 2015",44.18
Gazi University 2015,44.18
Hunter College 2015,44.18
"National University of Ireland, Maynooth 2015",44.18
Tehran University of Medical Sciences 2015,44.18
University of Alcalá 2015,44.18
University of Queensland 2012,44.18
University of the Ryukyus 2015,44.18
Yanbian University 2014,44.18
Bilkent University 2015,44.19
Boğaziçi University 2015,44.19
Clarkson University 2015,44.19
Dublin City University 2015,44.19
King Fahd University of Petroleum and Minerals 2015,44.19
Kōchi University 2015,44.19
Ocean University of China 2015,44.19
Sofia University 2015,44.19
University of Electro-Communications 2015,44.19
University of Miyazaki 2015,44.19
University of Regina 2015,44.19
University of South Alabama 2015,44.19
University of Valladolid 2015,44.19
University of Veterinary Medicine Vienna 2015,44.19
Dankook University 2015,44.2
Jiangnan University 2015,44.2
Murdoch University 2015,44.2
Nagoya Institute of Technology 2015,44.2
The Catholic University of America 2015,44.2
University of Rouen 2015,44.2
"University of Wales, Trinity Saint David 2015",44.2
Wright State University - Dayton 2015,44.2
Budapest University of Technology and Economics 2015,44.21
Chiang Mai University 2015,44.21
Florida Institute of Technology 2015,44.21
National University of Defense Technology 2014,44.21
Rio de Janeiro State University 2015,44.21
University of Bradford 2015,44.21
University of Brighton 2015,44.21
University of Maribor 2015,44.21
University of Massachusetts Boston 2015,44.21
University of Perpignan Via Domitia 2015,44.21
University of Sassari 2015,44.21
Aberystwyth University 2015,44.22
Inje University 2015,44.22
Kangwon National University 2015,44.22
Nanjing University of Technology 2015,44.22
University of Franche-Comté 2015,44.22
University of New England (Australia) 2015,44.22
"University of Technology, Sydney 2015",44.22
Bowling Green State University 2015,44.23
Chungbuk National University 2015,44.23
Jaume I University 2015,44.23
Shaanxi Normal University 2014,44.23
Taipei Medical University 2015,44.23
University of Concepción 2015,44.23
I-Shou University 2014,44.24
Magna Græcia University of Catanzaro 2015,44.24
Nanjing University of Science and Technology 2015,44.24
National Dong Hwa University 2014,44.24
National Sun Yat-sen University 2015,44.24
National Taipei University of Technology 2014,44.24
Showa University 2015,44.24
University of Maine (Le Mans) 2014,44.24
University of Murcia 2015,44.24
University of Oldenburg 2015,44.24
Cairo University 2015,44.25
Iran University of Science and Technology 2014,44.25
Michigan Technological University 2015,44.25
North Dakota State University - Main Campus 2015,44.25
Saitama Medical University 2015,44.25
University of Caen Lower Normandy 2015,44.25
University of Hohenheim 2015,44.25
University of North Carolina at Charlotte 2015,44.25
Vilnius University 2015,44.25
Zhengzhou University 2015,44.25
AGH University of Science and Technology 2015,44.26
Capital Medical University 2015,44.26
Georgia Institute of Technology 2013,44.26
Harbin Medical University 2014,44.26
Jacobs University Bremen 2015,44.26
King Abdulaziz University 2014,44.26
National Polytechnic Institute 2015,44.26
Norwegian University of Life Sciences 2015,44.26
Shanxi University 2014,44.26
Tamkang University 2014,44.26
University of Electronic Science and Technology of China 2015,44.26
University of Greifswald 2015,44.26
University of Oslo 2012,44.26
University of Stirling 2015,44.26
Zhejiang Normal University 2014,44.26
Beijing University of Technology 2014,44.27
Chongqing University 2015,44.27
Ege University 2015,44.27
Guangxi University 2014,44.27
Institut national des sciences Appliquées de Lyon 2015,44.27
Jawaharlal Nehru Centre for Advanced Scientific Research 2015,44.27
Jikei University School of Medicine 2015,44.27
King Juan Carlos University 2014,44.27
Kurume University 2015,44.27
Mie University 2015,44.27
Northwest A&F University 2014,44.27
Saga University 2015,44.27
Second Military Medical University 2015,44.27
"University of North Texas, Denton 2015",44.27
Yeungnam University 2015,44.27
École Polytechnique de Montréal 2015,44.27
Blaise Pascal University 2015,44.28
China Medical University (PRC) 2014,44.28
East Carolina University 2015,44.28
Federal University of ABC 2014,44.28
Miguel Hernández University of Elche 2015,44.28
New Jersey Institute of Technology 2015,44.28
Northern Arizona University 2015,44.28
University of Hyogo 2015,44.28
University of Picardie Jules Verne 2015,44.28
University of Salento 2015,44.28
University of Tehran 2015,44.28
Zhejiang University of Technology 2014,44.28
Chung-Ang University 2015,44.29
Kaohsiung Medical University 2015,44.29
National Research Nuclear University MEPhI 2015,44.29
National University of Rosario 2014,44.29
Tarbiat Modares University 2014,44.29
University of Mississippi Medical Center 2015,44.29
University of Neuchâtel 2015,44.29
University of Pau and Pays de l'Adour 2014,44.29
University of Puerto Rico at Mayagüez 2014,44.29
University of Yamanashi 2015,44.29
Xidian University 2014,44.29
Yamagata University 2015,44.29
Beijing Institute of Technology 2015,44.3
China Pharmaceutical University 2014,44.3
Federico Santa María Technical University 2014,44.3
Fu Jen Catholic University 2014,44.3
"G. d'Annunzio University, Chieti-Pescara 2015",44.3
Hunan Normal University 2014,44.3
Ryerson University 2014,44.3
South China Agricultural University 2014,44.3
University of Alabama in Huntsville 2015,44.3
University of Memphis 2015,44.3
University of Missouri–St. Louis 2015,44.3
University of Salzburg 2015,44.3
University of Seoul 2014,44.3
University of South Australia 2015,44.3
University of Évry Val d'Essonne 2015,44.3
Western Michigan University 2014,44.3
Ain Shams University 2014,44.31
Amirkabir University of Technology 2014,44.31
Beijing Jiaotong University 2014,44.31
Federal University of Bahia 2014,44.31
Federal University of Ceará 2014,44.31
Istanbul Technical University 2015,44.31
Mansoura University 2014,44.31
National University of La Plata 2015,44.31
"Paul Valéry University, Montpellier III 2015",44.31
University of Augsburg 2015,44.31
University of Calabria 2015,44.31
University of Castilla–La Mancha 2015,44.31
"University of Chemistry and Technology, Prague 2014",44.31
University of Mons 2015,44.31
"University of Natural Resources and Life Sciences, Vienna 2015",44.31
University of Oldenburg 2014,44.31
University of Valenciennes and Hainaut-Cambresis 2014,44.31
University of the Algarve 2014,44.31
Alexandria University 2014,44.32
Chung Shan Medical University 2014,44.32
Hasselt University 2015,44.32
Kindai University 2015,44.32
Kitasato University 2015,44.32
Shiraz University 2014,44.32
Southern Medical University 2014,44.32
Swansea University 2015,44.32
Technical University of Munich 2012,44.32
Tottori University 2015,44.32
University of Bucharest 2014,44.32
University of Cyprus 2014,44.32
University of Córdoba (Spain) 2015,44.32
University of Silesia 2014,44.32
University of Szeged 2015,44.32
Université de Namur 2015,44.32
Yuan Ze University 2014,44.32
Åbo Akademi University 2015,44.32
Ankara University 2015,44.33
Aston University 2015,44.33
Howard University 2015,44.33
Ibaraki University 2014,44.33
Jichi Medical University 2015,44.33
Kyoto Prefectural University of Medicine 2015,44.33
Northwestern Polytechnical University 2014,44.33
"Palacký University, Olomouc 2015",44.33
"Rutgers, The State University of New Jersey - Newark 2015",44.33
South China Normal University 2014,44.33
Toho University 2015,44.33
University of Belgrade 2015,44.33
University of Limerick 2014,44.33
University of Reims Champagne-Ardenne 2014,44.33
Xiangtan University 2014,44.33
Yangzhou University 2014,44.33
École normale supérieure de Cachan 2015,44.33
Czech Technical University in Prague 2015,44.34
Federal University of Pernambuco 2014,44.34
Indian Institute of Technology Kanpur 2015,44.34
Isfahan University of Technology 2014,44.34
Jiangsu University 2014,44.34
Johannes Kepler University of Linz 2015,44.34
Marquette University 2015,44.34
Missouri University of Science and Technology 2015,44.34
Third Military Medical University 2014,44.34
University of New England (Australia) 2014,44.34
Beihang University 2015,44.35
China Medical University (Taiwan) 2015,44.35
Dokuz Eylül University 2014,44.35
Fuzhou University 2015,44.35
Heriot-Watt University 2015,44.35
Nanjing University of Aeronautics and Astronautics 2014,44.35
Public University of Navarre 2014,44.35
Rochester Institute of Technology 2015,44.35
Royal College of Surgeons in Ireland 2015,44.35
San Francisco State University 2015,44.35
Sapporo Medical University 2015,44.35
University of A Coruña 2014,44.35
University of Cantabria 2015,44.35
University of the Republic (Uruguay) 2014,44.35
Federal University of Paraná 2014,44.36
Federal University of São Carlos 2014,44.36
Feng Chia University 2014,44.36
Fourth Military Medical University 2014,44.36
Hallym University 2014,44.36
King Abdullah University of Science and Technology 2015,44.36
Masaryk University 2015,44.36
Paris Diderot University - Paris 7 2013,44.36
Roma Tre University 2015,44.36
United Arab Emirates University 2014,44.36
University of Almería 2014,44.36
University of Basilicata 2014,44.36
University of Haifa 2015,44.36
University of Salerno 2015,44.36
University of Thessaly 2014,44.36
"Birkbeck, University of London 2015",44.37
Chemnitz University of Technology 2014,44.37
Federal University of Santa Maria 2014,44.37
Kaiserslautern University of Technology 2015,44.37
Liverpool John Moores University 2015,44.37
Loughborough University 2015,44.37
National Technical University of Athens 2015,44.37
Sharif University of Technology 2015,44.37
Southwest University 2014,44.37
Tilburg University 2015,44.37
"University François Rabelais, Tours 2015",44.37
"University of California, Merced 2014",44.37
University of Kent 2015,44.37
University of Messina 2015,44.37
University of Málaga 2015,44.37
Wrocław University of Technology 2014,44.37
American University of Beirut 2015,44.38
Carlos III University of Madrid 2014,44.38
Charles Darwin University 2014,44.38
Comenius University in Bratislava 2015,44.38
Nanjing Medical University 2014,44.38
Nicolaus Copernicus University in Toruń 2014,44.38
Northwest University (China) 2014,44.38
Novosibirsk State University 2014,44.38
Shanghai University 2015,44.38
Swinburne University of Technology 2015,44.38
University of Alicante 2015,44.38
University of Hyderabad 2014,44.38
University of L'Aquila 2015,44.38
"University of Nevada, Las Vegas 2015",44.38
University of Osnabrück 2014,44.38
University of Southern Mississippi 2014,44.38
University of Ulster 2015,44.38
University of Vigo 2015,44.38
University of Wrocław 2014,44.38
Banaras Hindu University 2015,44.39
Boğaziçi University 2014,44.39
Federal University of Santa Catarina 2014,44.39
Gazi University 2014,44.39
Jadavpur University 2014,44.39
National Taiwan Ocean University 2014,44.39
National University of Colombia 2014,44.39
National University of Córdoba 2014,44.39
Northeastern University (China) 2014,44.39
Pukyong National University 2014,44.39
University of Helsinki 2013,44.39
University of Insubria 2015,44.39
University of Jaén 2014,44.39
University of Mannheim 2014,44.39
University of Poitiers 2015,44.39
University of Pretoria 2015,44.39
University of Western Sydney 2014,44.39
Wuhan University of Technology 2015,44.39
Gifu University 2015,44.4
Graz University of Technology 2015,44.4
Keele University 2015,44.4
Makerere University 2014,44.4
Nanjing Agricultural University 2014,44.4
National Taiwan University of Science and Technology 2014,44.4
University of Brasília 2014,44.4
University of Debrecen 2015,44.4
University of Girona 2015,44.4
University of Jyväskylä 2015,44.4
"University of Maine, Orono 2015",44.4
University of Paris 13 2015,44.4
"University of Wales, Trinity Saint David 2014",44.4
University of Western Brittany 2014,44.4
Brock University 2014,44.41
Donghua University 2015,44.41
Huazhong Agricultural University 2014,44.41
Jean Monnet University 2014,44.41
Loma Linda University 2015,44.41
Marche Polytechnic University 2015,44.41
Portland State University 2015,44.41
Shanghai Normal University 2014,44.41
Shimane University 2014,44.41
"UNESP, São Paulo State University 2015",44.41
University of Lleida 2014,44.41
University of Orléans 2014,44.41
University of Québec at Montreal 2015,44.41
University of Siegen 2014,44.41
University of Toyama 2015,44.41
University of the Balearic Islands 2015,44.41
Adam Mickiewicz University in Poznań 2014,44.42
Florida Atlantic University 2014,44.42
Jiangnan University 2014,44.42
Massey University 2015,44.42
Old Dominion University 2015,44.42
Teikyo University 2014,44.42
University of Burgundy 2015,44.42
University of Cádiz 2014,44.42
University of Extremadura 2014,44.42
University of Idaho 2015,44.42
University of Veterinary Medicine Vienna 2014,44.42
University of Waikato 2014,44.42
Yamaguchi University 2015,44.42
Albany Medical College 2015,44.43
"All India Institute of Medical Sciences, New Delhi 2014",44.43
Binghamton University 2015,44.43
Chiang Mai University 2014,44.43
Ehime University 2015,44.43
Hirosaki University 2014,44.43
Hong Kong Baptist University 2015,44.43
Kyoto Institute of Technology 2014,44.43
Ocean University of China 2014,44.43
Polytechnic University of Turin 2015,44.43
Shizuoka University 2015,44.43
University of Camerino 2014,44.43
University of Los Andes (Colombia) 2015,44.43
University of North Carolina at Greensboro 2014,44.43
University of North Dakota 2014,44.43
"University of Technology, Sydney 2014",44.43
Warsaw University of Technology 2015,44.43
Beijing University of Chemical Technology 2015,44.44
Bilkent University 2014,44.44
Braunschweig University of Technology 2015,44.44
Florida Institute of Technology 2014,44.44
Hamamatsu University School of Medicine 2014,44.44
Indian Institute of Technology Roorkee 2015,44.44
La Trobe University 2015,44.44
Nanjing University of Technology 2014,44.44
National Chung Cheng University 2014,44.44
National Taiwan Normal University 2014,44.44
Northeast Normal University 2015,44.44
Northern Illinois University 2015,44.44
Oakland University 2014,44.44
RMIT University 2014,44.44
Rovira i Virgili University 2015,44.44
Saitama University 2014,44.44
Trent University 2014,44.44
University of Fukui 2014,44.44
University of Greifswald 2014,44.44
University of Helsinki 2012,44.44
University of Patras 2015,44.44
University of Pécs 2014,44.44
University of Salamanca 2015,44.44
Örebro University 2015,44.44
Fluminense Federal University 2014,44.45
Hacettepe University 2015,44.45
Jinan University 2014,44.45
Nanjing Normal University 2014,44.45
Paris-Est Créteil Val-de-Marne University 2015,44.45
Rio de Janeiro State University 2014,44.45
State University of New York Upstate Medical University 2015,44.45
Tehran University of Medical Sciences 2014,44.45
University of Alcalá 2014,44.45
University of Angers 2014,44.45
University of Essex 2015,44.45
University of Franche-Comté 2014,44.45
University of Massachusetts Boston 2014,44.45
University of Texas at El Paso 2014,44.45
University of the Ryukyus 2014,44.45
Chosun University 2014,44.46
Murdoch University 2014,44.46
Open University (UK) 2015,44.46
"Queens College, City University of New York 2014",44.46
Ritsumeikan University 2014,44.46
"University of Eastern Piedmont Amedeo Avogadro"""" 2015",44.46
University of Maribor 2014,44.46
University of Minho 2015,44.46
University of Sassari 2014,44.46
Vilnius University 2014,44.46
China Agricultural University 2015,44.47
Chung-Ang University 2014,44.47
Chungbuk National University 2014,44.47
Chungnam National University 2015,44.47
Kōchi University 2014,44.47
Louisiana Tech University 2015,44.47
Sejong University 2014,44.47
Sharif University of Technology 2014,44.47
Tokyo University of Agriculture and Technology 2015,44.47
University of New Brunswick 2014,44.47
University of Texas at Arlington 2015,44.47
Capital Medical University 2014,44.48
Flinders University 2015,44.48
Istanbul University 2015,44.48
Kagoshima University 2015,44.48
Lille 2 University of Health and Law 2015,44.48
Magna Græcia University of Catanzaro 2014,44.48
Queensland University of Technology 2015,44.48
Semmelweis University 2015,44.48
Sofia University 2014,44.48
Tokai University 2015,44.48
University of Brighton 2014,44.48
University of Regina 2014,44.48
Dublin City University 2014,44.49
Griffith University 2015,44.49
Indian Institute of Technology Kharagpur 2015,44.49
Kangwon National University 2014,44.49
Memorial University of Newfoundland 2015,44.49
"National University of Ireland, Maynooth 2014",44.49
"Putra University, Malaysia 2015",44.49
"Royal Veterinary College, University of London 2014",44.49
Soochow University (Suzhou) 2015,44.49
Texas A&M Health Science Center 2015,44.49
Universidade Nova de Lisboa 2015,44.49
Wright State University - Dayton 2014,44.49
Zhengzhou University 2014,44.49
Australian National University 2013,44.5
Beijing Institute of Technology 2014,44.5
Chongqing University 2014,44.5
Florida International University 2015,44.5
Gunma University 2015,44.5
Jaume I University 2014,44.5
Manchester Metropolitan University 2014,44.5
Mississippi State University 2015,44.5
University of Alberta 2013,44.5
University of New Orleans 2015,44.5
University of Rhode Island 2015,44.5
Budapest University of Technology and Economics 2014,44.51
Konkuk University 2015,44.51
Tata Institute of Fundamental Research 2015,44.51
University of Belgrade 2014,44.51
"University of Eastern Piedmont Amedeo Avogadro"""" 2014",44.51
University of Hertfordshire 2015,44.51
University of La Laguna 2015,44.51
University of Massachusetts Lowell 2014,44.51
University of Salzburg 2014,44.51
University of Zurich 2012,44.51
Cairo University 2014,44.52
Cranfield University 2015,44.52
Curtin University 2015,44.52
Ege University 2014,44.52
Indian Institute of Technology Bombay 2015,44.52
King Fahd University of Petroleum and Minerals 2014,44.52
LSU Health Sciences Center New Orleans 2015,44.52
Nagoya City University 2015,44.52
Osaka Prefecture University 2015,44.52
"Palacký University, Olomouc 2014",44.52
Taipei Medical University 2014,44.52
Tohoku University 2013,44.52
University of Bradford 2014,44.52
University of Murcia 2014,44.52
University of Portsmouth 2015,44.52
Aberystwyth University 2014,44.53
Carleton University 2015,44.53
China Medical University (Taiwan) 2014,44.53
Emory University 2013,44.53
Federal University of São Paulo 2015,44.53
Michigan Technological University 2014,44.53
Rice University 2013,44.53
Southern Illinois University Carbondale 2015,44.53
University of Alaska Fairbanks 2015,44.53
University of Concepción 2014,44.53
University of Hohenheim 2014,44.53
University of Toledo 2015,44.53
Wilfrid Laurier University 2014,44.53
Ankara University 2014,44.54
Blaise Pascal University 2014,44.54
Bowling Green State University 2014,44.54
East China Normal University 2015,44.54
Fukuoka University 2014,44.54
Nagoya Institute of Technology 2014,44.54
National Sun Yat-sen University 2014,44.54
Norwegian University of Life Sciences 2014,44.54
Plymouth University 2015,44.54
University of Electronic Science and Technology of China 2014,44.54
University of Graz 2015,44.54
University of Montana - Missoula 2015,44.54
University of Picardie Jules Verne 2014,44.54
University of Rouen 2014,44.54
University of Salento 2014,44.54
Victoria University of Wellington 2015,44.54
Federal University of Rio Grande do Sul 2015,44.55
Institut national des sciences Appliquées de Lyon 2014,44.55
Jawaharlal Nehru Centre for Advanced Scientific Research 2014,44.55
Northern Arizona University 2014,44.55
"Putra University, Malaysia 2014",44.55
Second Military Medical University 2014,44.55
University of Ioannina 2015,44.55
University of Miyazaki 2014,44.55
University of Perpignan Via Domitia 2014,44.55
Yeungnam University 2014,44.55
École Polytechnique de Montréal 2014,44.55
Czech Technical University in Prague 2014,44.56
Deakin University 2015,44.56
Inha University 2015,44.56
Inje University 2014,44.56
Istanbul Technical University 2014,44.56
Kaohsiung Medical University 2014,44.56
National Polytechnic Institute of Toulouse 2015,44.56
Saitama Medical University 2014,44.56
Sogang University 2015,44.56
Tampere University of Technology 2015,44.56
University of Caen Lower Normandy 2014,44.56
University of Castilla–La Mancha 2014,44.56
University of Electro-Communications 2014,44.56
University of South Alabama 2014,44.56
Clarkson University 2014,44.57
International School for Advanced Studies 2015,44.57
Kurume University 2014,44.57
Peking Union Medical College 2014,44.57
Saga University 2014,44.57
Second University of Naples 2015,44.57
University of Calabria 2014,44.57
University of Córdoba (Spain) 2014,44.57
University of Lübeck 2014,44.57
University of Mons 2014,44.57
University of Valladolid 2014,44.57
Yamagata University 2014,44.57
Central China Normal University 2015,44.58
Jikei University School of Medicine 2014,44.58
Kent State University 2015,44.58
Medical University of Graz 2015,44.58
National Polytechnic Institute 2014,44.58
"Paul Valéry University, Montpellier III 2014",44.58
The Catholic University of America 2014,44.58
University of Fribourg 2015,44.58
University of Hyogo 2014,44.58
University of Mississippi Medical Center 2014,44.58
University of Neuchâtel 2014,44.58
University of Tehran 2014,44.58
Wuhan University of Technology 2014,44.58
Aalborg University 2015,44.59
Bangor University 2015,44.59
Baylor University 2015,44.59
King Saud University 2015,44.59
Masaryk University 2014,44.59
National University of La Plata 2014,44.59
North Dakota State University - Main Campus 2014,44.59
Showa University 2014,44.59
University of Cagliari 2015,44.59
"University of North Texas, Denton 2014",44.59
University of Salerno 2014,44.59
University of Yamanashi 2014,44.59
University of Évry Val d'Essonne 2014,44.59
Utah State University 2015,44.59
Yamaguchi University 2014,44.59
Chang Gung University 2015,44.6
Comenius University in Bratislava 2014,44.6
Hunter College 2014,44.6
Mie University 2014,44.6
National Central University 2015,44.6
Swinburne University of Technology 2014,44.6
University Lille 1: Sciences and Technologies 2015,44.6
University of Alabama in Huntsville 2014,44.6
University of Stirling 2014,44.6
University of Ulster 2014,44.6
Dongguk University 2015,44.61
Donghua University 2014,44.61
"G. d'Annunzio University, Chieti-Pescara 2014",44.61
Graz University of Technology 2014,44.61
Kitasato University 2014,44.61
Liverpool John Moores University 2014,44.61
Miguel Hernández University of Elche 2014,44.61
Montana State University - Bozeman 2015,44.61
"National University of Ireland, Galway 2015",44.61
Tokyo Women's Medical University 2015,44.61
University of Aveiro 2015,44.61
University of Cantabria 2014,44.61
University of Missouri–Kansas City 2015,44.61
University of North Carolina at Charlotte 2014,44.61
University of Oviedo 2015,44.61
University of Trento 2015,44.61
East Carolina University 2014,44.62
Hunan University 2015,44.62
Kyoto Prefectural University of Medicine 2014,44.62
San Francisco State University 2014,44.62
Shanghai University 2014,44.62
University of Arkansas - Fayetteville 2015,44.62
University of Augsburg 2014,44.62
University of Lübeck 2015,44.62
University of Memphis 2014,44.62
University of Missouri–St. Louis 2014,44.62
University of South Australia 2014,44.62
University of Zagreb 2015,44.62
Aston University 2014,44.63
Auburn University 2015,44.63
Fuzhou University 2014,44.63
Hasselt University 2014,44.63
Kaiserslautern University of Technology 2014,44.63
Loughborough University 2014,44.63
Nanjing University of Science and Technology 2014,44.63
Nara Institute of Science and Technology 2015,44.63
Soochow University (Suzhou) 2014,44.63
University of Girona 2014,44.63
"University of Natural Resources and Life Sciences, Vienna 2014",44.63
University of Szeged 2014,44.63
University of the Balearic Islands 2014,44.63
École Centrale Paris 2015,44.63
China Agricultural University 2014,44.64
City University London 2015,44.64
Heriot-Watt University 2014,44.64
Marche Polytechnic University 2014,44.64
Marquette University 2014,44.64
New York Medical College 2015,44.64
"University of Maine, Orono 2014",44.64
Chung Yuan Christian University 2014,44.65
Jichi Medical University 2014,44.65
National Chung Hsing University 2015,44.65
National Yang-Ming University 2015,44.65
Roma Tre University 2014,44.65
Swansea University 2014,44.65
University of Akron 2015,44.65
University of Haifa 2014,44.65
University of Kent 2014,44.65
Åbo Akademi University 2014,44.65
Johannes Kepler University of Linz 2014,44.66
"Rutgers, The State University of New Jersey - Newark 2014",44.66
University of Paris 13 2014,44.66
University of Toledo 2014,44.66
University of Toyama 2014,44.66
University of Vigo 2014,44.66
Warsaw University of Technology 2014,44.66
Beijing University of Chemical Technology 2014,44.67
Hong Kong Baptist University 2014,44.67
James Cook University 2015,44.67
"Royal Holloway, University of London 2015",44.67
Toho University 2014,44.67
"UNESP, São Paulo State University 2014",44.67
"University François Rabelais, Tours 2014",44.67
University of Insubria 2014,44.67
University of Messina 2014,44.67
University of Minho 2014,44.67
University of Nantes 2015,44.67
"University of Nevada, Las Vegas 2014",44.67
University of Texas at Arlington 2014,44.67
East China Normal University 2014,44.68
Indian Institute of Technology Madras 2015,44.68
Loma Linda University 2014,44.68
Old Dominion University 2014,44.68
Otto-von-Guericke University Magdeburg 2015,44.68
Portland State University 2014,44.68
University of Bremen 2015,44.68
University of Canterbury 2015,44.68
University of Debrecen 2014,44.68
University of Québec at Montreal 2014,44.68
University of Tartu 2015,44.68
University of Windsor 2015,44.68
Banaras Hindu University 2014,44.69
Keele University 2014,44.69
King Abdullah University of Science and Technology 2014,44.69
Lille 2 University of Health and Law 2014,44.69
Mahidol University 2015,44.69
New Jersey Institute of Technology 2014,44.69
Northeast Normal University 2014,44.69
Rochester Institute of Technology 2014,44.69
Sapporo Medical University 2014,44.69
University of Catania 2015,44.69
University of Jyväskylä 2014,44.69
Federal University of Minas Gerais 2015,44.7
Graduate University for Advanced Studies 2015,44.7
Kindai University 2014,44.7
Memorial University of Newfoundland 2014,44.7
Shinshu University 2015,44.7
University of Alicante 2014,44.7
University of Mississippi - Oxford Campus 2015,44.7
University of Palermo 2015,44.7
University of Rhode Island 2014,44.7
University of Science and Technology Beijing 2015,44.7
University of Surrey 2015,44.7
University of Tasmania 2015,44.7
University of Tromsø - The Arctic University of Norway 2015,44.7
Örebro University 2014,44.7
AGH University of Science and Technology 2014,44.71
Bar-Ilan University 2015,44.71
Georgia Institute of Technology 2012,44.71
Gifu University 2014,44.71
Gunma University 2014,44.71
Hacettepe University 2014,44.71
New Mexico State University 2015,44.71
Rovira i Virgili University 2014,44.71
University of Bayreuth 2015,44.71
University of Burgundy 2014,44.71
Howard University 2014,44.72
Lanzhou University 2015,44.72
Medical University of Graz 2014,44.72
National Technical University of Athens 2014,44.72
Royal College of Surgeons in Ireland 2014,44.72
SUNY Downstate Medical Center 2015,44.72
State University of New York Upstate Medical University 2014,44.72
University of Crete 2015,44.72
University of Hertfordshire 2014,44.72
University of Potsdam 2015,44.72
University of Windsor 2014,44.72
Yokohama National University 2015,44.72
Florida International University 2014,44.73
La Trobe University 2014,44.73
Louisiana Tech University 2014,44.73
Missouri University of Science and Technology 2014,44.73
University of Idaho 2014,44.73
University of La Laguna 2014,44.73
University of Portsmouth 2014,44.73
University of Tokushima 2015,44.73
Yokohama City University 2015,44.73
Braunschweig University of Technology 2014,44.74
Catholic University of Korea 2014,44.74
Catholic University of Korea 2015,44.74
Georgia State University 2015,44.74
National Chung Hsing University 2014,44.74
Open University (UK) 2014,44.74
Texas A&M Health Science Center 2014,44.74
Universidade Nova de Lisboa 2014,44.74
University of Patras 2014,44.74
University of Wisconsin–Milwaukee 2015,44.74
Carleton University 2014,44.75
Creighton University 2015,44.75
Massey University 2014,44.75
University of Coimbra 2015,44.75
University of Hull 2015,44.75
University of Nice Sophia Antipolis 2015,44.75
Albany Medical College 2014,44.76
"Birkbeck, University of London 2014",44.76
Federal University of São Paulo 2014,44.76
Griffith University 2014,44.76
Chungnam National University 2014,44.77
Paris-Est Créteil Val-de-Marne University 2014,44.77
University of Alaska Fairbanks 2014,44.77
University of Brescia 2015,44.77
University of L'Aquila 2014,44.77
University of Ljubljana 2015,44.77
University of Poitiers 2014,44.77
University of Salamanca 2014,44.77
University of Sherbrooke 2015,44.77
University of Sydney 2013,44.77
Inha University 2014,44.78
Nagoya University 2013,44.78
Tilburg University 2014,44.78
Tokyo Metropolitan University 2015,44.78
University of New Orleans 2014,44.78
University of Udine 2015,44.78
Central China Normal University 2014,44.79
Curtin University 2014,44.79
Deakin University 2014,44.79
Indian Institute of Technology Roorkee 2014,44.79
Martin Luther University of Halle-Wittenberg 2015,44.79
Renmin University of China 2015,44.79
University of Malaya 2015,44.79
University of Newcastle 2015,44.79
University of Savoy 2015,44.79
University of Ulsan 2015,44.79
Binghamton University 2014,44.8
Panjab University 2015,44.8
University of Hanover 2015,44.8
"University of Maryland, Baltimore County 2015",44.8
University of Pretoria 2014,44.8
University of Tasmania 2014,44.8
Université de Namur 2014,44.8
Istanbul University 2014,44.81
Queensland University of Technology 2014,44.81
Tokyo University of Agriculture and Technology 2014,44.81
University of Konstanz 2015,44.81
University of Montana - Missoula 2014,44.81
University of Nebraska Omaha 2015,44.81
Chang Gung University 2014,44.82
Dankook University 2014,44.82
Nagasaki University 2015,44.82
"National University of Ireland, Galway 2014",44.82
Northern Illinois University 2014,44.82
Semmelweis University 2014,44.82
Technical University of Dortmund 2015,44.82
University of Hawaii at Manoa 2015,44.82
University of Science and Technology Beijing 2014,44.82
University of Trento 2014,44.82
Aalborg University 2014,44.83
Clemson University 2015,44.83
Osaka Prefecture University 2014,44.83
Southern Illinois University Carbondale 2014,44.83
Tata Institute of Fundamental Research 2014,44.83
University of Zaragoza 2015,44.83
University of the Basque Country 2015,44.83
Hunan University 2014,44.84
LSU Health Sciences Center New Orleans 2014,44.84
Tokai University 2014,44.84
Tokyo University of Science 2015,44.84
"University of Science, Malaysia 2015",44.84
Ehime University 2014,44.85
Federal University of Rio Grande do Sul 2014,44.85
Illinois Institute of Technology 2015,44.85
Kent State University 2014,44.85
Polytechnic University of Turin 2014,44.85
Sichuan University 2015,44.85
Tottori University 2014,44.85
University of Cagliari 2014,44.85
University of Ioannina 2014,44.85
University of KwaZulu-Natal 2015,44.85
University of Los Andes (Colombia) 2014,44.85
University of Oviedo 2014,44.85
Brunel University 2015,44.86
East China University of Science and Technology 2015,44.86
Nihon University 2015,44.86
Osaka City University 2015,44.86
University of Oklahoma Health Sciences Center 2015,44.86
University of Rennes 1 2015,44.86
International School for Advanced Studies 2014,44.87
Middle East Technical University 2015,44.87
Texas Tech University (TTU) 2015,44.87
École normale supérieure de Lyon 2015,44.87
Niigata University 2015,44.88
Plymouth University 2014,44.88
University of Wollongong 2015,44.88
Indian Institute of Technology Kharagpur 2014,44.89
Indian Institute of Technology Madras 2014,44.89
Second University of Naples 2014,44.89
Shizuoka University 2014,44.89
University of Wyoming 2015,44.89
James Cook University 2014,44.9
Juntendo University 2015,44.9
Kagoshima University 2014,44.9
Lanzhou University 2014,44.9
Bielefeld University 2015,44.91
Indian Institute of Technology Kanpur 2014,44.91
National Polytechnic Institute of Toulouse 2014,44.91
Ohio University 2015,44.91
Syracuse University 2015,44.91
Tufts University 2012,44.91
University of Catania 2014,44.91
University of Iceland 2015,44.91
University of Warsaw 2015,44.91
Aristotle University of Thessaloniki 2015,44.92
Eötvös Loránd University 2015,44.92
Kanazawa University 2015,44.92
National Central University 2014,44.92
University Lille 1: Sciences and Technologies 2014,44.92
University of Essex 2014,44.92
University of Parma 2015,44.92
University of Saskatchewan 2015,44.92
University of Zagreb 2014,44.92
American University of Beirut 2014,44.93
Beihang University 2014,44.93
Lomonosov Moscow State University 2013,44.93
University of Missouri–Kansas City 2014,44.93
University of Nantes 2014,44.93
"University of Nevada, Reno 2015",44.93
Jagiellonian University 2015,44.94
Nagoya City University 2014,44.94
Pusan National University 2015,44.94
University of Palermo 2014,44.94
University of Savoy 2014,44.94
University of Strathclyde 2015,44.94
University of Tartu 2014,44.94
University of Tromsø - The Arctic University of Norway 2014,44.94
Bangor University 2014,44.95
University of Aveiro 2014,44.95
Auburn University 2014,44.96
Indian Institute of Science 2015,44.96
Macquarie University 2015,44.96
Mahidol University 2014,44.96
Nara Institute of Science and Technology 2014,44.96
University of Bremen 2014,44.96
University of Crete 2014,44.96
University of Oulu 2015,44.96
University of Rostock 2015,44.96
Panjab University 2014,44.97
Tampere University of Technology 2014,44.97
University of Coimbra 2014,44.97
University of Newcastle 2014,44.97
Montana State University - Bozeman 2014,44.98
Nihon University 2014,44.98
"Royal Holloway, University of London 2014",44.98
Tokyo Women's Medical University 2014,44.98
University of Siena 2015,44.98
University of Bayreuth 2014,44.99
University of Dayton 2014,44.99
University of Dayton 2015,44.99
University of Wisconsin–Milwaukee 2014,44.99
Indian Institute of Technology Bombay 2014,45.0
Miami University 2015,45.0
East China University of Science and Technology 2014,45.01
Konkuk University 2014,45.01
National Yang-Ming University 2014,45.01
Southeast University 2015,45.01
Stony Brook University 2013,45.01
University of Nice Sophia Antipolis 2014,45.01
University of Potsdam 2014,45.01
University of Udine 2014,45.01
University of the Basque Country 2014,45.01
Victoria University of Wellington 2014,45.01
Central South University 2015,45.02
Polytechnic University of Valencia 2015,45.02
South China University of Technology 2015,45.02
University of Ljubljana 2014,45.02
University of Montpellier 1 2014,45.02
University of Tampere 2015,45.02
West Virginia University 2015,45.02
Loyola University Chicago 2015,45.03
SUNY Downstate Medical Center 2014,45.03
Technical University of Madrid 2015,45.03
University College Cork 2015,45.03
Utah State University 2014,45.03
École Centrale Paris 2014,45.03
Ajou University 2015,45.04
Gyeongsang National University 2015,45.04
New York Medical College 2014,45.04
University of Graz 2014,45.04
University of Modena and Reggio Emilia 2015,45.04
University of Málaga 2014,45.04
University of Zaragoza 2014,45.04
Sichuan University 2014,45.05
University of Fribourg 2014,45.05
University of Iceland 2014,45.05
University of Sherbrooke 2014,45.05
Grenoble Institute of Technology 2015,45.06
University of Granada 2015,45.06
Dongguk University 2014,45.07
Georgia State University 2014,45.07
University of Brescia 2014,45.07
Lancaster University 2015,45.08
University of Arkansas for Medical Sciences 2015,45.08
University of Chile 2015,45.08
University of Denver 2015,45.08
Vienna University of Technology 2015,45.08
Chonbuk National University 2015,45.09
Clemson University 2014,45.09
Georgia Regents University 2015,45.09
Graduate University for Advanced Studies 2014,45.09
Peking Union Medical College 2015,45.09
Aalto University 2015,45.1
Flinders University 2014,45.1
Martin Luther University of Halle-Wittenberg 2014,45.1
Tongji University 2015,45.1
"University of Maryland, Baltimore County 2014",45.1
University of Wollongong 2014,45.1
Bar-Ilan University 2014,45.11
Chiba University 2015,45.11
Indian Institute of Science 2014,45.11
Kumamoto University 2015,45.11
Mississippi State University 2014,45.11
Otto-von-Guericke University Magdeburg 2014,45.11
Tokyo Metropolitan University 2014,45.11
Concordia University 2015,45.12
South China University of Technology 2014,45.12
Swedish University of Agricultural Sciences 2015,45.12
University of Surrey 2014,45.12
University of Texas MD Anderson Cancer Center 2013,45.12
George Mason University 2015,45.13
Leiden University 2012,45.13
Oklahoma State University–Stillwater 2015,45.13
Shandong University 2015,45.13
University of Verona 2015,45.13
Wuhan University 2015,45.13
City University London 2014,45.14
Federal University of Minas Gerais 2014,45.14
Grenoble Institute of Technology 2014,45.14
Harbin Institute of Technology 2015,45.14
National Tsing Hua University 2015,45.14
Saint Petersburg State University 2015,45.14
University of Alabama - Tuscaloosa 2015,45.14
University of Bath 2015,45.14
University of Campinas 2015,45.14
University of Hanover 2014,45.14
University of Twente 2015,45.14
University of Ulsan 2014,45.14
Bielefeld University 2014,45.15
Brigham Young University 2015,45.15
Creighton University 2014,45.15
Illinois Institute of Technology 2014,45.15
University of Malaya 2014,45.15
Chalmers University of Technology 2015,45.16
Huazhong University of Science and Technology 2015,45.16
Kyung Hee University 2015,45.16
University of Denver 2014,45.16
University of Nebraska Medical Center 2015,45.16
Beijing Normal University 2015,45.17
Polytechnic University of Milan 2015,45.17
University of Canterbury 2014,45.17
University of Seville 2015,45.17
Innsbruck Medical University 2015,45.18
Juntendo University 2014,45.18
Macquarie University 2014,45.18
University of Akron 2014,45.18
University of Central Florida 2015,45.18
University of Saskatchewan 2014,45.18
University of Wyoming 2014,45.18
Jagiellonian University 2014,45.19
Texas Tech University (TTU) 2014,45.19
University of Rostock 2014,45.19
Aristotle University of Thessaloniki 2014,45.2
Ewha Womans University 2015,45.2
Jilin University 2015,45.2
National University of Singapore 2013,45.2
Scuola Normale Superiore di Pisa 2015,45.2
Tokyo Medical and Dental University 2015,45.2
University of Arkansas - Fayetteville 2014,45.2
University of Rennes 1 2014,45.2
University of Virginia 2012,45.2
Baylor University 2014,45.21
Harbin Institute of Technology 2014,45.21
Ludwig Maximilian University of Munich 2012,45.21
Polytechnic University of Valencia 2014,45.21
Xi'an Jiaotong University 2015,45.21
Catholic University of the Sacred Heart 2015,45.22
Shinshu University 2014,45.22
"University at Albany, SUNY 2015",45.22
University of Hawaii at Manoa 2014,45.22
University of Konstanz 2014,45.22
University of Nebraska Omaha 2014,45.22
University of Strathclyde 2014,45.22
New Mexico State University 2014,45.23
University of Modena and Reggio Emilia 2014,45.23
Central South University 2014,45.24
National Chiao Tung University 2015,45.24
Ohio University 2014,45.25
University College Cork 2014,45.25
University of Lorraine 2015,45.25
École normale supérieure de Lyon 2014,45.25
Technical University of Dortmund 2014,45.26
University of KwaZulu-Natal 2014,45.26
"University of Nevada, Reno 2014",45.26
Yokohama City University 2014,45.26
Chonnam National University 2015,45.27
Shandong University 2014,45.27
University of Siena 2014,45.27
University of Turku 2015,45.27
University of Milan - Bicocca 2015,45.28
University of Parma 2014,45.28
Innsbruck Medical University 2014,45.29
Kanazawa University 2014,45.29
Temple University 2015,45.29
University of Chile 2014,45.29
University of Granada 2014,45.29
"Washington State University, Pullman 2015",45.29
University of Delhi 2015,45.3
University of Texas Medical Branch at Galveston 2015,45.3
Pompeu Fabra University 2015,45.31
Pontifical Catholic University of Chile 2015,45.31
University of Bari Aldo Moro 2015,45.31
Darmstadt University of Technology 2015,45.32
City University of Hong Kong 2015,45.33
Lancaster University 2014,45.33
Pontifical Catholic University of Chile 2014,45.33
Ruprecht Karl University of Heidelberg 2012,45.33
Saarland University 2015,45.33
Syracuse University 2014,45.34
Ajou University 2014,45.35
Loyola University Chicago 2014,45.36
Polytechnic University of Catalonia 2015,45.36
University of Ferrara 2015,45.36
University of Guelph 2015,45.36
University of Tokushima 2014,45.36
University of Twente 2014,45.36
Versailles Saint-Quentin-en-Yvelines University 2015,45.36
Miami University 2014,45.37
University of Arkansas for Medical Sciences 2014,45.37
University of Buenos Aires 2015,45.37
University of Eastern Finland 2015,45.37
Pusan National University 2014,45.38
University of Mississippi - Oxford Campus 2014,45.38
École Polytechnique 2013,45.38
Colorado School of Mines 2015,45.39
Saint Louis University 2015,45.39
University of Campinas 2014,45.39
West Virginia University 2014,45.39
Wuhan University 2014,45.39
George Mason University 2014,45.4
Jilin University 2014,45.4
Simon Fraser University 2015,45.4
Swedish University of Agricultural Sciences 2014,45.4
University of Delhi 2014,45.4
University of Santiago de Compostela 2015,45.4
San Diego State University 2015,45.41
University of Bordeaux I 2014,45.41
University of Milan - Bicocca 2014,45.41
University of Tampere 2014,45.41
College of William and Mary 2015,45.42
University of New Hampshire 2015,45.42
Georgia Regents University 2014,45.43
Gyeongsang National University 2014,45.43
Justus Liebig University Giessen 2015,45.43
Niigata University 2014,45.43
Pompeu Fabra University 2014,45.43
Sogang University 2014,45.43
University of Oulu 2014,45.43
Vienna University of Technology 2014,45.43
Concordia University 2014,45.44
University of Bath 2014,45.44
University of Otago 2015,45.44
King Saud University 2014,45.45
University of Warsaw 2014,45.45
Nagasaki University 2014,45.46
National Tsing Hua University 2014,45.46
University of Southern Denmark 2015,45.46
Brigham Young University 2014,45.47
Catholic University of the Sacred Heart 2014,45.47
Emory University 2012,45.47
Hong Kong Polytechnic University 2015,45.47
Kansas State University 2015,45.47
Linköping University 2015,45.47
Technical University of Madrid 2014,45.47
Tokyo University of Science 2014,45.48
University of Victoria 2015,45.48
Wesleyan University 2015,45.48
Ben-Gurion University of the Negev 2015,45.49
National Chiao Tung University 2014,45.49
Polytechnic University of Catalonia 2014,45.49
Southeast University 2014,45.49
University of Oklahoma - Norman Campus 2015,45.49
Brunel University 2014,45.5
Huazhong University of Science and Technology 2014,45.5
Chonbuk National University 2014,45.51
Eindhoven University of Technology 2015,45.51
Kumamoto University 2014,45.51
University of Innsbruck 2015,45.51
University of Marburg 2015,45.51
Technical University of Berlin 2015,45.52
Queen's University Belfast 2015,45.53
University of New Hampshire 2014,45.53
University of Perugia 2015,45.53
Versailles Saint-Quentin-en-Yvelines University 2014,45.53
Indian Institute of Technology Delhi 2015,45.54
University of Bordeaux II 2014,45.54
University of Trieste 2015,45.54
Chonnam National University 2014,45.55
"St George's, University of London 2015",45.55
University of Central Florida 2014,45.55
University of Lorraine 2014,45.55
University of Oregon 2015,45.55
Xi'an Jiaotong University 2014,45.55
York University 2014,45.55
Cranfield University 2014,45.56
University of Navarra 2015,45.56
York University 2015,45.56
Chalmers University of Technology 2014,45.57
Middle East Technical University 2014,45.57
Tianjin University 2014,45.57
Aalto University 2014,45.58
National Autonomous University of Mexico 2015,45.58
Simon Fraser University 2014,45.58
University of Adelaide 2015,45.58
University of East Anglia 2015,45.58
University of Turku 2014,45.58
Polytechnic University of Milan 2014,45.59
Temple University 2014,45.59
University of Exeter 2015,45.59
Chiba University 2014,45.6
University of Bari Aldo Moro 2014,45.6
University of Ferrara 2014,45.6
Beijing Normal University 2014,45.61
Louisiana State University - Baton Rouge 2015,45.61
Tianjin University 2015,45.61
University of Genoa 2015,45.61
Vita-Salute San Raffaele University 2015,45.61
Scuola Normale Superiore di Pisa 2014,45.63
University of Seville 2014,45.63
University of Jena 2015,45.64
University of Pavia 2015,45.64
Boston College 2015,45.65
Hong Kong Polytechnic University 2014,45.65
Saarland University 2014,45.65
Kyung Hee University 2014,45.66
University of Buenos Aires 2014,45.66
University of Texas Medical Branch at Galveston 2014,45.66
University of Victoria 2014,45.66
City University of Hong Kong 2014,45.67
Ewha Womans University 2014,45.67
Tokyo Medical and Dental University 2014,45.67
Eötvös Loránd University 2014,45.69
University of Alabama - Tuscaloosa 2014,45.69
University of Eastern Finland 2014,45.69
University of York 2015,45.69
Arizona State University 2012,45.7
Tongji University 2014,45.7
"University at Albany, SUNY 2014",45.7
University of Vermont 2015,45.7
Indiana University - Bloomington 2013,45.71
Rush University 2015,45.71
University of Verona 2014,45.71
Federal University of Rio de Janeiro 2015,45.72
Swiss Federal Institute of Technology in Lausanne 2013,45.73
University of Liège 2015,45.73
University of Trieste 2014,45.73
Utrecht University 2013,45.73
Colorado School of Mines 2014,45.74
Kobe University 2015,45.74
Oklahoma State University–Stillwater 2014,45.74
University of Guelph 2014,45.74
Saint Louis University 2014,45.75
Ben-Gurion University of the Negev 2014,45.76
College of William and Mary 2014,45.77
Hong Kong University of Science and Technology 2015,45.77
Justus Liebig University Giessen 2014,45.78
University of Perugia 2014,45.78
University of Exeter 2014,45.79
University of Jena 2014,45.79
University of Regensburg 2015,45.79
University of Rome Tor Vergata 2015,45.79
University of Santiago de Compostela 2014,45.79
University of Stuttgart 2015,45.79
Nankai University 2015,45.8
University of Nebraska–Lincoln 2015,45.8
University of Otago 2014,45.8
Xiamen University 2014,45.8
Eindhoven University of Technology 2014,45.82
Tohoku University 2012,45.82
University of Nebraska Medical Center 2014,45.83
University of Southern Denmark 2014,45.83
Xiamen University 2015,45.83
University of Antwerp 2015,45.84
Chulalongkorn University 2015,45.86
Nankai University 2014,45.87
University of East Anglia 2014,45.87
Gwangju Institute of Science and Technology 2015,45.88
San Diego State University 2014,45.88
University of Navarra 2014,45.88
University of Oregon 2014,45.89
University of St Andrews 2015,45.89
"St George's, University of London 2014",45.91
University of Porto 2015,45.91
Autonomous University of Madrid 2015,45.92
Dalian University of Technology 2015,45.92
Kyungpook National University 2015,45.92
Stellenbosch University 2015,45.92
University of Marburg 2014,45.92
University of Pavia 2014,45.92
Leipzig University 2015,45.94
Medical University of South Carolina 2015,45.94
National and Kapodistrian University of Athens 2015,45.94
Queen's University Belfast 2014,45.95
University of Genoa 2014,45.95
University of South Carolina - Columbia 2015,45.95
University of Bordeaux 2015,45.96
Medical College of Wisconsin 2015,45.97
University of Adelaide 2014,45.97
University of Louisville 2015,45.97
Yokohama National University 2014,45.97
University of Regensburg 2014,45.98
National Autonomous University of Mexico 2014,45.99
University of York 2014,45.99
Ruhr University Bochum 2015,46.0
Gwangju Institute of Science and Technology 2014,46.02
University of Nebraska–Lincoln 2014,46.02
University of Pisa 2015,46.03
University of Valencia 2015,46.03
Dartmouth College 2013,46.04
University of Warwick 2015,46.05
Boston College 2014,46.06
National and Kapodistrian University of Athens 2014,46.06
Vita-Salute San Raffaele University 2014,46.06
Hannover Medical School 2015,46.07
Federal University of Rio de Janeiro 2014,46.08
University of Antwerp 2014,46.08
Indian Institute of Technology Delhi 2014,46.1
University of Oslo 2013,46.1
University of Texas at San Antonio 2015,46.1
Case Western Reserve University 2012,46.11
Darmstadt University of Technology 2014,46.11
City College of New York 2015,46.12
Hiroshima University 2015,46.12
University of Innsbruck 2014,46.12
University of Duisburg-Essen 2015,46.13
University of Rome Tor Vergata 2014,46.13
University of Warwick 2014,46.13
Umeå University 2015,46.14
University of Louisville 2014,46.15
University of St Andrews 2014,46.15
Dalhousie University 2015,46.17
"Texas A&M University, College Station 2013",46.17
University of Aberdeen 2015,46.17
Queen's University 2015,46.18
Rush University 2014,46.18
University of Bergen 2015,46.18
Rensselaer Polytechnic Institute 2015,46.19
Kansas State University 2014,46.2
Northeastern University 2014,46.2
University of Vermont 2014,46.2
University of Delaware 2015,46.21
University of Hull 2014,46.21
University of Liège 2014,46.21
Vrije Universiteit Brussel 2015,46.21
London School of Economics 2015,46.22
Charles University in Prague 2014,46.23
Kyungpook National University 2014,46.23
"University of Science, Malaysia 2014",46.23
Ruprecht Karl University of Heidelberg 2013,46.24
University of Ulm 2015,46.24
Medical University of South Carolina 2014,46.25
Sun Yat-sen University 2015,46.25
Stellenbosch University 2014,46.26
Wageningen University and Research Centre 2015,46.26
Autonomous University of Madrid 2014,46.29
Brandeis University 2015,46.29
Medical University of Vienna 2014,46.29
Northeastern University 2015,46.29
London School of Economics 2014,46.3
"University at Buffalo, The State University of New York 2015",46.3
University of Pisa 2014,46.3
Wesleyan University 2014,46.3
Ruhr University Bochum 2014,46.31
Tulane University 2015,46.31
University of Bergen 2014,46.31
University of Duisburg-Essen 2014,46.31
Charles University in Prague 2015,46.32
Colorado State University - Fort Collins 2015,46.32
Linköping University 2014,46.32
Sapienza University of Rome 2012,46.34
University of Stuttgart 2014,46.34
University of Valencia 2014,46.34
University of Waterloo 2015,46.34
Leipzig University 2014,46.36
University of Naples Federico II 2015,46.36
University of Kentucky 2015,46.37
University of South Carolina - Columbia 2014,46.37
University of Auckland 2015,46.38
University of Manchester 2012,46.38
Medical University of Vienna 2015,46.39
Technical University of Berlin 2014,46.39
University of Arizona 2013,46.39
Lehigh University 2015,46.4
University of Reading 2015,46.4
"Washington State University, Pullman 2014",46.4
City College of New York 2014,46.41
Hannover Medical School 2014,46.41
University of Tsukuba 2015,46.41
Durham University 2015,46.42
Hong Kong University of Science and Technology 2014,46.42
Medical College of Wisconsin 2014,46.42
Oregon State University 2015,46.42
Sun Yat-sen University 2014,46.42
University of Porto 2014,46.42
Brown University 2013,46.43
Drexel University 2015,46.43
University of Lisbon 2015,46.43
Virginia Commonwealth University 2015,46.43
Umeå University 2014,46.44
University of Rochester 2013,46.44
Delft University of Technology 2015,46.46
Virginia Polytechnic Institute and State University 2015,46.46
Thomas Jefferson University 2015,46.47
Wageningen University and Research Centre 2014,46.48
Norwegian University of Science and Technology 2014,46.49
Saint Petersburg State University 2014,46.49
University of Reading 2014,46.49
University of Sussex 2015,46.49
Dalhousie University 2014,46.52
Florida State University 2015,46.53
King's College London 2013,46.53
University of Düsseldorf 2015,46.54
University of Zurich 2013,46.54
Chulalongkorn University 2014,46.55
Moscow Institute of Physics and Technology 2015,46.55
University of Texas Health Science Center at Houston 2015,46.56
Okayama University 2014,46.57
University of Ulm 2014,46.57
University of Cape Town 2015,46.58
University of Florence 2015,46.58
University of Waterloo 2014,46.58
Hiroshima University 2014,46.59
London School of Hygiene & Tropical Medicine 2015,46.59
Okayama University 2015,46.59
Queen's University 2014,46.59
University of Lisbon 2014,46.59
Nanjing University 2015,46.61
Delft University of Technology 2014,46.63
University of Aberdeen 2014,46.63
University of Texas Health Science Center at Houston 2014,46.64
University of Auckland 2014,46.65
Norwegian University of Science and Technology 2015,46.67
University of Naples Federico II 2014,46.67
University of Dundee 2015,46.68
Arizona State University 2013,46.72
Autonomous University of Barcelona 2015,46.72
University of Leicester 2015,46.72
Virginia Polytechnic Institute and State University 2014,46.72
University of Science and Technology of China 2015,46.73
Seoul National University 2012,46.74
University of Science and Technology of China 2014,46.75
University College Dublin 2014,46.77
"University at Buffalo, The State University of New York 2014",46.78
University of Cape Town 2014,46.78
University College Dublin 2015,46.79
University of Gothenburg 2015,46.79
University of Florence 2014,46.8
Paul Sabatier University - Toulouse III 2015,46.81
Oregon State University 2014,46.82
Julius-Maximilian's University of Würzburg 2015,46.85
University of Manchester 2013,46.85
Durham University 2014,46.87
University of Leicester 2014,46.87
Colorado State University - Fort Collins 2014,46.88
Johannes Gutenberg University of Mainz 2015,46.88
University of Texas Health Science Center at San Antonio 2015,46.88
Drexel University 2014,46.89
Nagoya University 2012,46.89
North Carolina State University 2015,46.89
Thomas Jefferson University 2014,46.89
Université catholique de Louvain 2015,46.89
RWTH Aachen University 2015,46.9
University of Kentucky 2014,46.9
Lehigh University 2014,46.91
University of Virginia 2013,46.92
London School of Hygiene & Tropical Medicine 2014,46.93
Laval University 2015,46.95
University of Texas at San Antonio 2014,46.95
Complutense University of Madrid 2015,46.96
"University of Tennessee, Knoxville 2015",46.96
National Cheng Kung University 2015,46.97
Florida State University 2014,46.98
Autonomous University of Barcelona 2014,46.99
Maastricht University 2015,47.0
University of Montpellier 2015,47.0
University of Tsukuba 2014,47.0
University of Vienna 2015,47.03
University of Dundee 2014,47.04
University of Manitoba 2015,47.04
University of Turin 2015,47.04
Chinese University of Hong Kong 2015,47.05
Keio University 2013,47.05
University of Düsseldorf 2014,47.05
University of Massachusetts Amherst 2015,47.05
Paris Descartes University 2015,47.06
University of Connecticut 2015,47.06
University of Pittsburgh - Pittsburgh Campus 2013,47.08
University of Western Australia 2015,47.1
Maastricht University 2014,47.11
University of Kiel 2015,47.11
University of Copenhagen 2013,47.12
"University of California, Riverside 2015",47.13
Johannes Gutenberg University of Mainz 2014,47.14
Vrije Universiteit Brussel 2014,47.14
Karlsruhe Institute of Technology 2015,47.15
National Cheng Kung University 2014,47.16
University of Delaware 2014,47.16
Newcastle University 2015,47.17
Paris Descartes University 2014,47.18
Paul Sabatier University - Toulouse III 2014,47.19
Sungkyunkwan University 2015,47.19
Rensselaer Polytechnic Institute 2014,47.2
Dalian University of Technology 2014,47.22
Dresden University of Technology 2015,47.25
Ludwig Maximilian University of Munich 2013,47.25
Queen Mary University of London 2015,47.25
University of Montpellier 2 2014,47.25
Dresden University of Technology 2014,47.26
RWTH Aachen University 2014,47.26
University of Texas Health Science Center at San Antonio 2014,47.26
Virginia Commonwealth University 2014,47.26
University of Bologna 2015,47.28
Aix-Marseille University 2015,47.31
Brandeis University 2014,47.31
Claude Bernard University Lyon 1 2015,47.31
"Texas A&M University, College Station 2012",47.31
University of Oklahoma - Norman Campus 2014,47.33
Tulane University 2014,47.34
University of Münster 2015,47.34
University of Connecticut 2014,47.35
University of Erlangen-Nuremberg 2015,47.36
University of Illinois at Chicago 2015,47.39
University of Kiel 2014,47.39
University of Turin 2014,47.4
Claude Bernard University Lyon 1 2014,47.42
Newcastle University 2014,47.42
North Carolina State University 2014,47.43
Technion – Israel Institute of Technology 2013,47.45
"University of Tennessee, Knoxville 2014",47.45
Cardiff University 2015,47.46
George Washington University 2015,47.46
Laval University 2014,47.47
University of Western Australia 2014,47.47
Aix-Marseille University 2014,47.48
University of Bern 2015,47.49
University of Liverpool 2015,47.49
Julius-Maximilian's University of Würzburg 2014,47.5
Rutgers University-New Brunswick 2012,47.5
University of Georgia 2015,47.5
"University of California, Irvine 2013",47.52
University of Cologne 2015,47.52
University of Kansas 2015,47.52
"University of California, Riverside 2014",47.53
Joseph Fourier University 2014,47.54
Fudan University 2015,47.56
University of Manitoba 2014,47.56
University of Bologna 2014,47.59
University of Missouri–Columbia 2015,47.59
University of Pittsburgh - Pittsburgh Campus 2012,47.59
Hanyang University 2015,47.6
University of Ottawa 2015,47.6
Karolinska Institute 2012,47.61
University of Illinois at Chicago 2014,47.63
University of South Florida - Tampa 2015,47.66
Zhejiang University 2015,47.66
Karlsruhe Institute of Technology 2014,47.67
Louisiana State University - Baton Rouge 2014,47.67
Nanjing University 2014,47.67
Queen Mary University of London 2014,47.67
Wayne State University 2015,47.67
Swiss Federal Institute of Technology in Lausanne 2012,47.68
University of Erlangen-Nuremberg 2014,47.69
University of Liverpool 2014,47.69
"University of Maryland, College Park 2012",47.69
University of Ottawa 2014,47.69
École normale supérieure - Paris 2013,47.7
Iowa State University 2015,47.71
Joseph Fourier University 2015,47.71
Washington University in St. Louis 2013,47.72
"Trinity College, Dublin 2015",47.73
University of Lausanne 2015,47.73
University of Münster 2014,47.73
Cardiff University 2014,47.74
University of British Columbia 2012,47.74
University of Massachusetts Amherst 2014,47.74
Sapienza University of Rome 2013,47.75
University of Georgia 2014,47.75
Zhejiang University 2014,47.76
University of Vienna 2014,47.78
Sungkyunkwan University 2014,47.79
Vanderbilt University 2013,47.8
University of Kansas 2014,47.82
Chinese University of Hong Kong 2014,47.83
University of Houston 2015,47.83
University of Massachusetts Medical School 2015,47.85
University of Strasbourg 2015,47.89
Brown University 2012,47.91
University of Bern 2014,47.93
University of Geneva 2012,47.94
University of New Mexico 2015,47.95
Shanghai Jiao Tong University 2015,47.96
"Trinity College, Dublin 2014",47.96
Australian National University 2015,47.97
Complutense University of Madrid 2014,47.97
Hokkaido University 2015,47.97
University of Cologne 2014,47.97
Karolinska Institute 2013,47.98
Technical University of Denmark 2014,47.98
University of Göttingen 2015,47.98
Goethe University Frankfurt 2015,48.01
Shanghai Jiao Tong University 2014,48.02
University of Missouri–Columbia 2014,48.02
University of Lausanne 2014,48.05
"University of Maryland, Baltimore 2015",48.05
Technical University of Denmark 2015,48.06
University of Massachusetts Medical School 2014,48.06
University of Milan 2015,48.07
University of Sheffield 2015,48.07
Wayne State University 2014,48.07
Université catholique de Louvain 2014,48.08
Yeshiva University 2015,48.11
University of Sussex 2014,48.12
Fudan University 2014,48.14
"Pennsylvania State University, University Park 2012",48.15
University of Hong Kong 2015,48.15
University of Padua 2015,48.17
Hokkaido University 2014,48.18
Oregon Health & Science University 2015,48.23
Stockholm University 2015,48.23
University of Calgary 2015,48.23
Pohang University of Science and Technology 2015,48.24
Pierre-and-Marie-Curie University 2012,48.26
Stockholm University 2014,48.27
Indiana University-Purdue University Indianapolis 2015,48.28
Université libre de Bruxelles 2015,48.28
Boston University 2012,48.31
University of Hamburg 2015,48.31
École Polytechnique 2012,48.33
Pohang University of Science and Technology 2014,48.35
University of New Mexico 2014,48.36
"University of Maryland, College Park 2013",48.39
"University of Maryland, Baltimore 2014",48.4
University of Padua 2014,48.4
University of Leeds 2015,48.41
University of Edinburgh 2012,48.43
Vanderbilt University 2012,48.44
Iowa State University 2014,48.47
George Washington University 2014,48.48
University of Basel 2015,48.48
University of Milan 2014,48.48
Dartmouth College 2012,48.5
University of British Columbia 2013,48.51
Wake Forest University 2015,48.52
University of Bonn 2015,48.54
University of Hamburg 2014,48.54
University of Sheffield 2014,48.55
University of Cincinnati 2015,48.56
University of Tübingen 2015,48.56
Albert Ludwig University of Freiburg 2015,48.57
"University of California, Santa Cruz 2015",48.59
University of Cincinnati 2014,48.6
Oregon Health & Science University 2014,48.61
University of Strasbourg 2014,48.61
Hanyang University 2014,48.63
Humboldt University of Berlin 2015,48.64
University of South Florida - Tampa 2014,48.65
Yeshiva University 2014,48.67
Southern Methodist University 2014,48.69
University of Birmingham 2015,48.7
Monash University 2014,48.71
Tel Aviv University 2013,48.72
University of Montreal 2015,48.72
McMaster University 2015,48.74
University of the Witwatersrand 2015,48.75
Rice University 2012,48.76
Tel Aviv University 2012,48.76
University of Göttingen 2014,48.77
University of Southampton 2015,48.77
Free University of Berlin 2015,48.78
University of Alabama at Birmingham 2015,48.79
University of Gothenburg 2014,48.79
University of Florida 2012,48.8
Mines ParisTech 2014,48.81
University of Geneva 2013,48.83
University of Calgary 2014,48.84
Icahn School of Medicine at Mount Sinai 2014,48.85
University of Alabama at Birmingham 2014,48.88
"University of California, Santa Cruz 2014",48.89
Monash University 2015,48.91
University of Houston 2014,48.91
Goethe University Frankfurt 2014,48.93
University of Florida 2013,48.93
Korea Advanced Institute of Science and Technology (KAIST) 2015,48.95
Australian National University 2014,48.96
Boston University 2013,48.96
Icahn School of Medicine at Mount Sinai 2015,48.96
Southern Methodist University 2015,48.99
University of Tübingen 2014,48.99
University of Iowa 2015,49.01
Free University of Berlin 2014,49.02
University of Nottingham 2015,49.02
Humboldt University of Berlin 2014,49.03
University of Texas at Dallas 2015,49.05
Indiana University-Purdue University Indianapolis 2014,49.08
Stony Brook University 2015,49.09
University of Miami 2015,49.09
University of Hong Kong 2014,49.1
École normale supérieure - Paris 2012,49.1
Technion – Israel Institute of Technology 2015,49.12
"University of California, Davis 2013",49.16
University of Basel 2014,49.17
Kobe University 2014,49.18
Western University (The University of Western Ontario) 2014,49.18
University of Leeds 2014,49.23
Osaka City University 2014,49.25
Nanyang Technological University 2015,49.29
University of New South Wales 2014,49.29
Radboud University Nijmegen 2015,49.3
University of São Paulo 2015,49.31
Western University (The University of Western Ontario) 2015,49.31
Paris Diderot University - Paris 7 2015,49.33
University of New South Wales 2015,49.33
Nanyang Technological University 2014,49.35
"Ohio State University, Columbus 2013",49.41
University of Nottingham 2014,49.41
University of Southampton 2014,49.42
VU University Amsterdam 2015,49.44
University of Glasgow 2015,49.45
Wake Forest University 2014,49.46
University of Texas at Dallas 2014,49.47
VU University Amsterdam 2014,49.47
University of Birmingham 2014,49.48
University of Colorado Denver 2015,49.48
McMaster University 2014,49.51
University of Rochester 2012,49.51
Paris Diderot University - Paris 7 2014,49.53
"Ohio State University, Columbus 2012",49.54
Royal Institute of Technology 2015,49.54
Carnegie Mellon University 2013,49.56
Nagoya University 2015,49.57
Uppsala University 2015,49.57
University of Bristol 2015,49.59
Université libre de Bruxelles 2014,49.6
University of Miami 2014,49.62
University of Glasgow 2014,49.64
Aarhus University 2015,49.65
Baylor College of Medicine 2015,49.7
Ghent University 2014,49.73
Ghent University 2015,49.73
Rice University 2015,49.73
Michigan State University 2015,49.74
Lund University 2015,49.75
Albert Ludwig University of Freiburg 2014,49.78
Korea University 2015,49.79
University of Barcelona 2015,49.79
University of Colorado Denver 2014,49.79
University of Montreal 2014,49.79
Nagoya University 2014,49.82
University of São Paulo 2014,49.82
University of Amsterdam 2015,49.83
Korea University 2014,49.84
"Pennsylvania State University, University Park 2013",49.84
Radboud University Nijmegen 2014,49.85
Korea Advanced Institute of Science and Technology (KAIST) 2014,49.88
University of Groningen 2014,49.89
Georgetown University 2015,49.92
Stony Brook University 2014,49.92
University of Iowa 2014,49.95
Uppsala University 2014,49.96
Sapienza University of Rome 2015,49.97
University of Amsterdam 2014,49.97
University of Bristol 2014,49.97
Technion – Israel Institute of Technology 2012,50.01
University of Helsinki 2015,50.04
University of Groningen 2015,50.1
Baylor College of Medicine 2014,50.12
Tokyo Institute of Technology 2015,50.13
Aarhus University 2014,50.17
Leiden University 2015,50.17
University of Barcelona 2014,50.17
University of Alberta 2015,50.25
Indiana University - Bloomington 2015,50.26
Case Western Reserve University 2015,50.28
Georgetown University 2014,50.28
Leiden University 2014,50.29
University of Arizona 2012,50.29
"University of Minnesota, Twin Cities 2012",50.3
Lund University 2014,50.34
Mines ParisTech 2015,50.34
University of Queensland 2014,50.37
University of Queensland 2015,50.4
University of the Witwatersrand 2014,50.4
Rockefeller University 2013,50.43
"Texas A&M University, College Station 2015",50.43
University of Paris-Sud 2012,50.44
Indiana University - Bloomington 2014,50.53
Pierre-and-Marie-Curie University 2013,50.58
Technical University of Munich 2015,50.58
Kyushu University 2015,50.6
"University of California, Irvine 2012",50.64
University of Colorado Boulder 2012,50.68
Michigan State University 2014,50.69
University of Oslo 2014,50.7
University of Helsinki 2014,50.76
McGill University 2013,50.77
University of Texas Southwestern Medical Center 2013,50.79
University of Oslo 2015,50.81
Technion – Israel Institute of Technology 2014,50.89
Rice University 2014,50.94
Yonsei University 2014,50.95
University of Edinburgh 2013,50.98
"University of Minnesota, Twin Cities 2013",50.98
Yonsei University 2015,51.02
"University of California, Davis 2012",51.06
Rutgers University-New Brunswick 2013,51.09
Arizona State University 2015,51.13
Arizona State University 2014,51.14
University of Utah 2013,51.14
University of Zurich 2015,51.14
University of Colorado Boulder 2013,51.16
"Texas A&M University, College Station 2014",51.18
University of Texas MD Anderson Cancer Center 2014,51.19
Tufts University 2015,51.22
University of Alberta 2014,51.23
Case Western Reserve University 2014,51.27
Erasmus University Rotterdam 2014,51.29
King's College London 2015,51.31
Seoul National University 2013,51.31
Royal Institute of Technology 2014,51.34
Technical University of Munich 2014,51.34
University of Melbourne 2015,51.34
University of Bonn 2014,51.37
University of Southern California 2012,51.38
University of Melbourne 2014,51.43
University of Geneva 2015,51.46
Swiss Federal Institute of Technology in Lausanne 2015,51.47
"University of California, Irvine 2015",51.51
University of Texas MD Anderson Cancer Center 2015,51.51
Tokyo Institute of Technology 2014,51.53
University of Southern California 2013,51.56
University of Sydney 2014,51.58
"Purdue University, West Lafayette 2013",51.59
Carnegie Mellon University 2012,51.6
University of Sydney 2015,51.61
"Purdue University, West Lafayette 2012",51.66
"University of California, Santa Barbara 2013",51.67
Katholieke Universiteit Leuven 2014,51.72
McGill University 2012,51.72
University of Paris-Sud 2013,51.72
Utrecht University 2015,51.74
Tel Aviv University 2015,51.75
Erasmus University Rotterdam 2015,51.78
Swiss Federal Institute of Technology in Lausanne 2014,51.8
Emory University 2015,51.85
Kyushu University 2014,51.96
Brown University 2015,52.01
Katholieke Universiteit Leuven 2015,52.03
University of Rochester 2015,52.03
Georgia Institute of Technology 2015,52.08
Sapienza University of Rome 2014,52.12
"University of California, Santa Barbara 2012",52.15
Ludwig Maximilian University of Munich 2015,52.16
Tsinghua University 2015,52.21
University of Washington - Seattle 2012,52.25
University of Notre Dame 2015,52.27
King's College London 2014,52.31
Ruprecht Karl University of Heidelberg 2015,52.32
Ruprecht Karl University of Heidelberg 2014,52.4
Utrecht University 2014,52.42
University of Texas Southwestern Medical Center 2015,52.5
University of Copenhagen 2015,52.51
Tohoku University 2015,52.57
Tsinghua University 2014,52.6
Tel Aviv University 2014,52.63
University of Utah 2012,52.64
University of Zurich 2014,52.69
Tufts University 2014,52.71
"University of Maryland, College Park 2015",52.72
Georgia Institute of Technology 2014,52.74
Ludwig Maximilian University of Munich 2014,52.75
Karolinska Institute 2015,52.79
Osaka University 2013,52.79
University of North Carolina at Chapel Hill 2013,52.87
University of Utah 2015,52.89
Washington University in St. Louis 2012,52.9
Brown University 2014,52.92
"University of California, Irvine 2014",52.93
University of Copenhagen 2014,52.94
Emory University 2014,53.01
Vanderbilt University 2015,53.05
University of Rochester 2014,53.06
University of North Carolina at Chapel Hill 2012,53.09
University of Arizona 2015,53.26
University of Manchester 2015,53.38
Boston University 2015,53.43
University of Toronto 2012,53.43
National University of Singapore 2015,53.44
"University of Maryland, College Park 2014",53.46
University of Geneva 2014,53.5
National University of Singapore 2014,53.52
"University of California, Santa Barbara 2015",53.63
Karolinska Institute 2014,53.64
Tohoku University 2014,53.65
Vanderbilt University 2014,53.69
"University of Michigan, Ann Arbor 2012",53.72
University of Arizona 2014,53.77
Pierre-and-Marie-Curie University 2015,53.79
University of Manchester 2014,53.9
Pierre-and-Marie-Curie University 2014,53.91
University of British Columbia 2015,53.92
Boston University 2014,53.96
Carnegie Mellon University 2015,54.0
University of Texas Southwestern Medical Center 2014,54.07
University of Florida 2015,54.18
Lomonosov Moscow State University 2015,54.19
National Taiwan University 2014,54.19
University of Paris-Sud 2015,54.21
National Taiwan University 2015,54.23
University of Notre Dame 2014,54.25
Peking University 2015,54.26
Weizmann Institute of Science 2013,54.34
University of Edinburgh 2015,54.39
Northwestern University 2012,54.4
Osaka University 2012,54.43
University of Colorado Boulder 2014,54.5
University of Colorado Boulder 2015,54.62
University of Utah 2014,54.67
University of British Columbia 2014,54.75
"University of California, Santa Barbara 2014",54.76
University of Florida 2014,54.76
"University of California, Davis 2015",54.85
Washington University in St. Louis 2014,54.93
Washington University in St. Louis 2015,55.03
University of Southern California 2015,55.12
"University of California, Davis 2014",55.18
University of Edinburgh 2014,55.2
University College London 2012,55.21
Rutgers University-New Brunswick 2015,55.23
Carnegie Mellon University 2014,55.3
Peking University 2014,55.3
"Ohio State University, Columbus 2015",55.39
"University of Minnesota, Twin Cities 2015",55.51
"Pennsylvania State University, University Park 2015",55.54
University of Pittsburgh - Pittsburgh Campus 2015,55.63
"Purdue University, West Lafayette 2014",55.67
University of Pittsburgh - Pittsburgh Campus 2014,55.67
University of Southern California 2014,55.7
"University of Michigan, Ann Arbor 2013",55.77
University of Washington - Seattle 2013,55.79
University College London 2013,56.0
Osaka University 2015,56.03
University of Paris-Sud 2014,56.06
University of Toronto 2013,56.11
Northwestern University 2013,56.12
"University of Minnesota, Twin Cities 2014",56.13
University of Texas at Austin 2012,56.18
Dartmouth College 2015,56.35
"Purdue University, West Lafayette 2015",56.39
Lomonosov Moscow State University 2014,56.42
University of Texas Southwestern Medical Center 2012,56.43
McGill University 2015,56.49
University of Virginia 2015,56.73
Imperial College London 2013,56.75
"Ohio State University, Columbus 2014",57.01
University of North Carolina at Chapel Hill 2015,57.09
Weizmann Institute of Science 2015,57.17
"Pennsylvania State University, University Park 2014",57.19
University of North Carolina at Chapel Hill 2014,57.51
Imperial College London 2012,57.53
University of Texas at Austin 2013,57.71
Duke University 2013,57.72
Dartmouth College 2014,58.0
Waseda University 2015,58.17
University of Illinois at Urbana–Champaign 2013,58.33
Osaka University 2014,58.35
Duke University 2012,58.37
McGill University 2014,58.39
University of Virginia 2014,58.6
Waseda University 2014,58.69
École normale supérieure - Paris 2015,58.8
Imperial College London 2014,58.85
University of Wisconsin–Madison 2013,58.94
University of Illinois at Urbana–Champaign 2012,59.0
Weizmann Institute of Science 2014,59.17
École Polytechnique 2015,59.2
"University of California, San Francisco 2013",59.38
Rockefeller University 2014,59.49
École Polytechnique 2014,59.54
Imperial College London 2015,59.61
University of Wisconsin–Madison 2012,59.66
"University of California, San Francisco 2012",59.7
École normale supérieure - Paris 2014,59.72
Keio University 2014,59.84
Keio University 2015,59.84
University of Illinois at Urbana–Champaign 2015,59.94
Hebrew University of Jerusalem 2013,59.98
Rutgers University-New Brunswick 2014,60.0
University of Toronto 2015,60.04
University of Washington - Seattle 2014,60.28
New York University 2012,60.55
University of Washington - Seattle 2015,60.61
Hebrew University of Jerusalem 2012,60.76
University of Toronto 2014,60.87
University College London 2014,61.05
University of Texas at Austin 2015,61.14
Rockefeller University 2015,61.28
Duke University 2015,61.55
Rockefeller University 2012,61.74
University College London 2015,62.27
University of Texas at Austin 2014,62.57
University of Illinois at Urbana–Champaign 2014,62.89
"University of California, San Diego 2012",63.11
"University of California, San Diego 2013",63.12
"University of California, San Francisco 2014",63.36
Duke University 2014,63.56
"University of California, San Francisco 2015",63.69
New York University 2013,63.99
"University of California, Los Angeles 2012",64.05
University of Wisconsin–Madison 2015,64.51
Seoul National University 2015,64.82
Swiss Federal Institute of Technology in Zurich 2013,64.99
Weizmann Institute of Science 2012,65.09
Johns Hopkins University 2013,65.64
Hebrew University of Jerusalem 2015,65.71
Kyoto University 2012,65.76
University of Wisconsin–Madison 2014,65.77
Seoul National University 2014,66.06
Northwestern University 2014,66.18
Northwestern University 2015,66.56
"University of California, San Diego 2015",66.59
Swiss Federal Institute of Technology in Zurich 2012,66.69
Hebrew University of Jerusalem 2014,66.76
Swiss Federal Institute of Technology in Zurich 2015,66.93
Johns Hopkins University 2012,66.94
"University of California, Los Angeles 2013",67.84
"University of Michigan, Ann Arbor 2014",68.27
"University of California, San Diego 2014",68.36
"University of Michigan, Ann Arbor 2015",68.36
New York University 2015,68.39
Kyoto University 2015,68.6
Kyoto University 2013,69.46
University of Tokyo 2012,69.49
Johns Hopkins University 2014,71.17
Johns Hopkins University 2015,71.6
Swiss Federal Institute of Technology in Zurich 2014,72.18
New York University 2014,72.29
Kyoto University 2014,73.21
University of Pennsylvania 2012,73.64
Cornell University 2012,73.69
University of Chicago 2012,73.82
University of Tokyo 2013,76.23
"University of California, Los Angeles 2015",76.91
Cornell University 2013,76.99
University of Pennsylvania 2013,77.24
California Institute of Technology 2013,77.59
University of Pennsylvania 2015,77.6
University of Tokyo 2015,78.23
"University of California, Los Angeles 2014",78.35
"University of California, Berkeley 2012",78.55
Yale University 2013,78.83
Columbia University 2012,78.86
Yale University 2012,79.14
University of Chicago 2013,79.16
University of Pennsylvania 2014,79.3
University of Tokyo 2014,80.64
Princeton University 2013,82.17
University of Oxford 2012,82.34
Princeton University 2012,82.5
California Institute of Technology 2015,84.4
"University of California, Berkeley 2013",85.07
California Institute of Technology 2012,85.21
California Institute of Technology 2014,85.5
Cornell University 2014,85.8
University of Cambridge 2012,86.17
Yale University 2015,86.61
Cornell University 2015,86.79
Yale University 2014,88.11
Columbia University 2013,88.21
Princeton University 2014,88.56
Princeton University 2015,89.42
Stanford University 2012,89.5
University of Cambridge 2013,90.24
University of Chicago 2015,90.7
Massachusetts Institute of Technology 2013,91.45
Massachusetts Institute of Technology 2012,91.67
University of Chicago 2014,92.03
"University of California, Berkeley 2015",92.25
University of Oxford 2013,92.54
"University of California, Berkeley 2014",92.84
Stanford University 2013,93.94
Columbia University 2015,96.14
University of Oxford 2015,96.46
University of Cambridge 2015,96.81
Columbia University 2014,97.41
University of Oxford 2014,97.51
Massachusetts Institute of Technology 2015,97.54
University of Cambridge 2014,97.64
Stanford University 2015,98.66
Massachusetts Institute of Technology 2014,98.69
Stanford University 2014,99.09
Harvard University 2012,100.0
Harvard University 2013,100.0
Harvard University 2014,100.0
Harvard University 2015,100.0
